,Code,Entity,Continent,WHO region,World Region according to the World Bank,world-regions-according-to-the-united-nations,OWID,iso2Code,name,region,adminregion,incomeLevel,lendingType,capitalCity,longitude,latitude,WB
0.0,ABW,Aruba,North America,,Latin America and Caribbean,Latin America and Caribbean,ABW,AW,Aruba,Latin America & Caribbean ,,High income,Not classified,Oranjestad,-70.0167,12.5167,ABW
1.0,AFG,Afghanistan,Asia,Eastern Mediterranean,South Asia,Central and Southern Asia,AFG,AF,Afghanistan,South Asia,South Asia,Low income,IDA,Kabul,69.1761,34.5228,AFG
2.0,AGO,Angola,Africa,Africa,Sub-Saharan Africa,Sub-Saharan Africa,AGO,AO,Angola,Sub-Saharan Africa ,Sub-Saharan Africa (excluding high income),Lower middle income,IBRD,Luanda,13.242,-8.81155,AGO
3.0,AIA,Anguilla,North America,,,Latin America and Caribbean,AIA,,,,,,,,,,
4.0,ALA,Aland Islands,Europe,,,Europe and Northern America,ALA,,,,,,,,,,
5.0,ALB,Albania,Europe,Europe,Europe and Central Asia,Europe and Northern America,ALB,AL,Albania,Europe & Central Asia,Europe & Central Asia (excluding high income),Upper middle income,IBRD,Tirane,19.8172,41.3317,ALB
6.0,AND,Andorra,Europe,Europe,Europe and Central Asia,Europe and Northern America,AND,AD,Andorra,Europe & Central Asia,,High income,Not classified,Andorra la Vella,1.5218,42.5075,AND
7.0,ANT,Netherlands Antilles,North America,,,,ANT,,,,,,,,,,
8.0,ARE,United Arab Emirates,Asia,Eastern Mediterranean,Middle East and North Africa,Northern Africa and Western Asia,ARE,AE,United Arab Emirates,Middle East & North Africa,,High income,Not classified,Abu Dhabi,54.3705,24.4764,ARE
9.0,ARG,Argentina,South America,Americas,Latin America and Caribbean,Latin America and Caribbean,ARG,AR,Argentina,Latin America & Caribbean ,Latin America & Caribbean (excluding high income),Upper middle income,IBRD,Buenos Aires,-58.4173,-34.6118,ARG
10.0,ARM,Armenia,Asia,Europe,Europe and Central Asia,Northern Africa and Western Asia,ARM,AM,Armenia,Europe & Central Asia,Europe & Central Asia (excluding high income),Upper middle income,IBRD,Yerevan,44.509,40.1596,ARM
11.0,ASM,American Samoa,Oceania,,East Asia and Pacific,Oceania,ASM,AS,American Samoa,East Asia & Pacific,East Asia & Pacific (excluding high income),Upper middle income,Not classified,Pago Pago,-170.691,-14.2846,ASM
12.0,ATA,Antarctica,Antarctica,,,,ATA,,,,,,,,,,
13.0,ATF,French Southern Territories,Antarctica,,,,ATF,,,,,,,,,,
14.0,ATG,Antigua and Barbuda,North America,Americas,Latin America and Caribbean,Latin America and Caribbean,ATG,AG,Antigua and Barbuda,Latin America & Caribbean ,,High income,IBRD,Saint John's,-61.8456,17.1175,ATG
15.0,AUS,Australia,Oceania,Western Pacific,East Asia and Pacific,Oceania,AUS,AU,Australia,East Asia & Pacific,,High income,Not classified,Canberra,149.129,-35.282,AUS
16.0,AUT,Austria,Europe,Europe,Europe and Central Asia,Europe and Northern America,AUT,AT,Austria,Europe & Central Asia,,High income,Not classified,Vienna,16.3798,48.2201,AUT
17.0,AZE,Azerbaijan,Asia,Europe,Europe and Central Asia,Northern Africa and Western Asia,AZE,AZ,Azerbaijan,Europe & Central Asia,Europe & Central Asia (excluding high income),Upper middle income,IBRD,Baku,49.8932,40.3834,AZE
18.0,BDI,Burundi,Africa,Africa,Sub-Saharan Africa,Sub-Saharan Africa,BDI,BI,Burundi,Sub-Saharan Africa ,Sub-Saharan Africa (excluding high income),Low income,IDA,Bujumbura,29.3639,-3.3784,BDI
19.0,BEL,Belgium,Europe,Europe,Europe and Central Asia,Europe and Northern America,BEL,BE,Belgium,Europe & Central Asia,,High income,Not classified,Brussels,4.36761,50.8371,BEL
20.0,BEN,Benin,Africa,Africa,Sub-Saharan Africa,Sub-Saharan Africa,BEN,BJ,Benin,Sub-Saharan Africa ,Sub-Saharan Africa (excluding high income),Lower middle income,IDA,Porto-Novo,2.6323,6.4779,BEN
21.0,BES,Bonaire Sint Eustatius and Saba,North America,,,Latin America and Caribbean,BES,,,,,,,,,,
22.0,BFA,Burkina Faso,Africa,Africa,Sub-Saharan Africa,Sub-Saharan Africa,BFA,BF,Burkina Faso,Sub-Saharan Africa ,Sub-Saharan Africa (excluding high income),Low income,IDA,Ouagadougou,-1.53395,12.3605,BFA
23.0,BGD,Bangladesh,Asia,South-East Asia,South Asia,Central and Southern Asia,BGD,BD,Bangladesh,South Asia,South Asia,Lower middle income,IDA,Dhaka,90.4113,23.7055,BGD
24.0,BGR,Bulgaria,Europe,Europe,Europe and Central Asia,Europe and Northern America,BGR,BG,Bulgaria,Europe & Central Asia,Europe & Central Asia (excluding high income),Upper middle income,IBRD,Sofia,23.3238,42.7105,BGR
25.0,BHR,Bahrain,Asia,Eastern Mediterranean,Middle East and North Africa,Northern Africa and Western Asia,BHR,BH,Bahrain,Middle East & North Africa,,High income,Not classified,Manama,50.5354,26.1921,BHR
26.0,BHS,Bahamas,North America,Americas,Latin America and Caribbean,Latin America and Caribbean,BHS,BS,"Bahamas, The",Latin America & Caribbean ,,High income,Not classified,Nassau,-77.339,25.0661,BHS
27.0,BIH,Bosnia and Herzegovina,Europe,Europe,Europe and Central Asia,Europe and Northern America,BIH,BA,Bosnia and Herzegovina,Europe & Central Asia,Europe & Central Asia (excluding high income),Upper middle income,IBRD,Sarajevo,18.4214,43.8607,BIH
28.0,BLM,Saint Barth√©lemy,North America,,,,BLM,,,,,,,,,,
29.0,BLR,Belarus,Europe,Europe,Europe and Central Asia,Europe and Northern America,BLR,BY,Belarus,Europe & Central Asia,Europe & Central Asia (excluding high income),Upper middle income,IBRD,Minsk,27.5766,53.9678,BLR
30.0,BLZ,Belize,North America,Americas,Latin America and Caribbean,Latin America and Caribbean,BLZ,BZ,Belize,Latin America & Caribbean ,Latin America & Caribbean (excluding high income),Lower middle income,IBRD,Belmopan,-88.7713,17.2534,BLZ
31.0,BMU,Bermuda,North America,,North America,Europe and Northern America,BMU,BM,Bermuda,North America,,High income,Not classified,Hamilton,-64.706,32.3293,BMU
32.0,BOL,Bolivia,South America,Americas,Latin America and Caribbean,Latin America and Caribbean,BOL,BO,Bolivia,Latin America & Caribbean ,Latin America & Caribbean (excluding high income),Lower middle income,IBRD,La Paz,-66.1936,-13.9908,BOL
33.0,BRA,Brazil,South America,Americas,Latin America and Caribbean,Latin America and Caribbean,BRA,BR,Brazil,Latin America & Caribbean ,Latin America & Caribbean (excluding high income),Upper middle income,IBRD,Brasilia,-47.9292,-15.7801,BRA
34.0,BRB,Barbados,North America,Americas,Latin America and Caribbean,Latin America and Caribbean,BRB,BB,Barbados,Latin America & Caribbean ,,High income,Not classified,Bridgetown,-59.6105,13.0935,BRB
35.0,BRN,Brunei,Asia,Western Pacific,East Asia and Pacific,Eastern and South-Eastern Asia,BRN,BN,Brunei Darussalam,East Asia & Pacific,,High income,Not classified,Bandar Seri Begawan,114.946,4.94199,BRN
36.0,BTN,Bhutan,Asia,South-East Asia,South Asia,Central and Southern Asia,BTN,BT,Bhutan,South Asia,South Asia,Lower middle income,IDA,Thimphu,89.6177,27.5768,BTN
37.0,BVT,Bouvet Island,Antarctica,,,,BVT,,,,,,,,,,
38.0,BWA,Botswana,Africa,Africa,Sub-Saharan Africa,Sub-Saharan Africa,BWA,BW,Botswana,Sub-Saharan Africa ,Sub-Saharan Africa (excluding high income),Upper middle income,IBRD,Gaborone,25.9201,-24.6544,BWA
39.0,CAF,Central African Republic,Africa,Africa,Sub-Saharan Africa,Sub-Saharan Africa,CAF,CF,Central African Republic,Sub-Saharan Africa ,Sub-Saharan Africa (excluding high income),Low income,IDA,Bangui,21.6407,5.63056,CAF
40.0,CAN,Canada,North America,Americas,North America,Europe and Northern America,CAN,CA,Canada,North America,,High income,Not classified,Ottawa,-75.6919,45.4215,CAN
41.0,CCK,Cocos (Keeling) Islands,Asia,,,Oceania,CCK,,,,,,,,,,
42.0,CHE,Switzerland,Europe,Europe,Europe and Central Asia,Europe and Northern America,CHE,CH,Switzerland,Europe & Central Asia,,High income,Not classified,Bern,7.44821,46.948,CHE
43.0,CHL,Chile,South America,Americas,Latin America and Caribbean,Latin America and Caribbean,CHL,CL,Chile,Latin America & Caribbean ,,High income,IBRD,Santiago,-70.6475,-33.475,CHL
44.0,CHN,China,Asia,Western Pacific,East Asia and Pacific,Eastern and South-Eastern Asia,CHN,CN,China,East Asia & Pacific,East Asia & Pacific (excluding high income),Upper middle income,IBRD,Beijing,116.286,40.0495,CHN
45.0,CIV,Cote d'Ivoire,Africa,Africa,Sub-Saharan Africa,Sub-Saharan Africa,CIV,CI,Cote d'Ivoire,Sub-Saharan Africa ,Sub-Saharan Africa (excluding high income),Lower middle income,IDA,Yamoussoukro,-4.0305,5.332,CIV
46.0,CMR,Cameroon,Africa,Africa,Sub-Saharan Africa,Sub-Saharan Africa,CMR,CM,Cameroon,Sub-Saharan Africa ,Sub-Saharan Africa (excluding high income),Lower middle income,Blend,Yaounde,11.5174,3.8721,CMR
47.0,COD,Democratic Republic of Congo,Africa,Africa,Sub-Saharan Africa,Sub-Saharan Africa,COD,CD,"Congo, Dem. Rep.",Sub-Saharan Africa ,Sub-Saharan Africa (excluding high income),Low income,IDA,Kinshasa,15.3222,-4.325,COD
48.0,COG,Congo,Africa,Africa,Sub-Saharan Africa,Sub-Saharan Africa,COG,CG,"Congo, Rep.",Sub-Saharan Africa ,Sub-Saharan Africa (excluding high income),Lower middle income,Blend,Brazzaville,15.2662,-4.2767,COG
49.0,COK,Cook Islands,Oceania,Western Pacific,,Oceania,COK,,,,,,,,,,
50.0,COL,Colombia,South America,Americas,Latin America and Caribbean,Latin America and Caribbean,COL,CO,Colombia,Latin America & Caribbean ,Latin America & Caribbean (excluding high income),Upper middle income,IBRD,Bogota,-74.082,4.60987,COL
51.0,COM,Comoros,Africa,Africa,Sub-Saharan Africa,Sub-Saharan Africa,COM,KM,Comoros,Sub-Saharan Africa ,Sub-Saharan Africa (excluding high income),Lower middle income,IDA,Moroni,43.2418,-11.6986,COM
52.0,CPV,Cape Verde,Africa,Africa,Sub-Saharan Africa,Sub-Saharan Africa,CPV,CV,Cabo Verde,Sub-Saharan Africa ,Sub-Saharan Africa (excluding high income),Lower middle income,Blend,Praia,-23.5087,14.9218,CPV
53.0,CRI,Costa Rica,North America,Americas,Latin America and Caribbean,Latin America and Caribbean,CRI,CR,Costa Rica,Latin America & Caribbean ,Latin America & Caribbean (excluding high income),Upper middle income,IBRD,San Jose,-84.0089,9.63701,CRI
54.0,CUB,Cuba,North America,Americas,Latin America and Caribbean,Latin America and Caribbean,CUB,CU,Cuba,Latin America & Caribbean ,Latin America & Caribbean (excluding high income),Upper middle income,Not classified,Havana,-82.3667,23.1333,CUB
55.0,CUW,Curacao,North America,,Latin America and Caribbean,Latin America and Caribbean,CUW,CW,Curacao,Latin America & Caribbean ,,High income,Not classified,Willemstad,,,CUW
56.0,CXR,Christmas Island,Asia,,,Oceania,CXR,,,,,,,,,,
57.0,CYM,Cayman Islands,North America,,Latin America and Caribbean,Latin America and Caribbean,CYM,KY,Cayman Islands,Latin America & Caribbean ,,High income,Not classified,George Town,-81.3857,19.3022,CYM
58.0,CYP,Cyprus,Europe,Europe,Europe and Central Asia,Northern Africa and Western Asia,CYP,CY,Cyprus,Europe & Central Asia,,High income,Not classified,Nicosia,33.3736,35.1676,CYP
59.0,CZE,Czechia,Europe,Europe,Europe and Central Asia,Europe and Northern America,CZE,CZ,Czech Republic,Europe & Central Asia,,High income,Not classified,Prague,14.4205,50.0878,CZE
60.0,DEU,Germany,Europe,Europe,Europe and Central Asia,Europe and Northern America,DEU,DE,Germany,Europe & Central Asia,,High income,Not classified,Berlin,13.4115,52.5235,DEU
61.0,DJI,Djibouti,Africa,Eastern Mediterranean,Middle East and North Africa,Middle East and North Africa,DJI,DJ,Djibouti,Middle East & North Africa,Middle East & North Africa (excluding high income),Lower middle income,IDA,Djibouti,43.1425,11.5806,DJI
62.0,DMA,Dominica,North America,Americas,Latin America and Caribbean,Latin America and Caribbean,DMA,DM,Dominica,Latin America & Caribbean ,Latin America & Caribbean (excluding high income),Upper middle income,Blend,Roseau,-61.39,15.2976,DMA
63.0,DNK,Denmark,Europe,Europe,Europe and Central Asia,Europe and Northern America,DNK,DK,Denmark,Europe & Central Asia,,High income,Not classified,Copenhagen,12.5681,55.6763,DNK
64.0,DOM,Dominican Republic,North America,Americas,Latin America and Caribbean,Latin America and Caribbean,DOM,DO,Dominican Republic,Latin America & Caribbean ,Latin America & Caribbean (excluding high income),Upper middle income,IBRD,Santo Domingo,-69.8908,18.479,DOM
65.0,DZA,Algeria,Africa,Africa,Middle East and North Africa,Northern Africa and Western Asia,DZA,DZ,Algeria,Middle East & North Africa,Middle East & North Africa (excluding high income),Lower middle income,IBRD,Algiers,3.05097,36.7397,DZA
66.0,ECU,Ecuador,South America,Americas,Latin America and Caribbean,Latin America and Caribbean,ECU,EC,Ecuador,Latin America & Caribbean ,Latin America & Caribbean (excluding high income),Upper middle income,IBRD,Quito,-78.5243,-0.229498,ECU
67.0,EGY,Egypt,Africa,Eastern Mediterranean,Middle East and North Africa,Northern Africa and Western Asia,EGY,EG,"Egypt, Arab Rep.",Middle East & North Africa,Middle East & North Africa (excluding high income),Lower middle income,IBRD,Cairo,31.2461,30.0982,EGY
68.0,ERI,Eritrea,Africa,Africa,Sub-Saharan Africa,Sub-Saharan Africa,ERI,ER,Eritrea,Sub-Saharan Africa ,Sub-Saharan Africa (excluding high income),Low income,IDA,Asmara,38.9183,15.3315,ERI
69.0,ESH,Western Sahara,Africa,,,Northern Africa and Western Asia,ESH,,,,,,,,,,
70.0,ESP,Spain,Europe,Europe,Europe and Central Asia,Europe and Northern America,ESP,ES,Spain,Europe & Central Asia,,High income,Not classified,Madrid,-3.70327,40.4167,ESP
71.0,EST,Estonia,Europe,Europe,Europe and Central Asia,Europe and Northern America,EST,EE,Estonia,Europe & Central Asia,,High income,Not classified,Tallinn,24.7586,59.4392,EST
72.0,ETH,Ethiopia,Africa,Africa,Sub-Saharan Africa,Sub-Saharan Africa,ETH,ET,Ethiopia,Sub-Saharan Africa ,Sub-Saharan Africa (excluding high income),Low income,IDA,Addis Ababa,38.7468,9.02274,ETH
73.0,FIN,Finland,Europe,Europe,Europe and Central Asia,Europe and Northern America,FIN,FI,Finland,Europe & Central Asia,,High income,Not classified,Helsinki,24.9525,60.1608,FIN
74.0,FJI,Fiji,Oceania,Western Pacific,East Asia and Pacific,Oceania,FJI,FJ,Fiji,East Asia & Pacific,East Asia & Pacific (excluding high income),Upper middle income,Blend,Suva,178.399,-18.1149,FJI
75.0,FLK,Falkland Islands,South America,,,Latin America and Caribbean,FLK,,,,,,,,,,
76.0,FRA,France,Europe,Europe,Europe and Central Asia,Europe and Northern America,FRA,FR,France,Europe & Central Asia,,High income,Not classified,Paris,2.35097,48.8566,FRA
77.0,FRO,Faeroe Islands,Europe,,Europe and Central Asia,Europe and Northern America,FRO,FO,Faroe Islands,Europe & Central Asia,,High income,Not classified,Torshavn,-6.91181,61.8926,FRO
78.0,FSM,Micronesia,Oceania,Western Pacific,East Asia and Pacific,Oceania,FSM,FM,"Micronesia, Fed. Sts.",East Asia & Pacific,East Asia & Pacific (excluding high income),Lower middle income,IDA,Palikir,158.185,6.91771,FSM
79.0,GAB,Gabon,Africa,Africa,Sub-Saharan Africa,Sub-Saharan Africa,GAB,GA,Gabon,Sub-Saharan Africa ,Sub-Saharan Africa (excluding high income),Upper middle income,IBRD,Libreville,9.45162,0.38832,GAB
80.0,GBR,United Kingdom,Europe,Europe,Europe and Central Asia,Europe and Northern America,GBR,GB,United Kingdom,Europe & Central Asia,,High income,Not classified,London,-0.126236,51.5002,GBR
81.0,GEO,Georgia,Asia,Europe,Europe and Central Asia,Northern Africa and Western Asia,GEO,GE,Georgia,Europe & Central Asia,Europe & Central Asia (excluding high income),Upper middle income,IBRD,Tbilisi,44.793,41.71,GEO
82.0,GGY,Guernsey,Europe,,,,GGY,,,,,,,,,,
83.0,GHA,Ghana,Africa,Africa,Sub-Saharan Africa,Sub-Saharan Africa,GHA,GH,Ghana,Sub-Saharan Africa ,Sub-Saharan Africa (excluding high income),Lower middle income,IDA,Accra,-0.20795,5.57045,GHA
84.0,GIB,Gibraltar,Europe,,Europe and Central Asia,Europe and Northern America,GIB,GI,Gibraltar,Europe & Central Asia,,High income,Not classified,,,,GIB
85.0,GIN,Guinea,Africa,Africa,Sub-Saharan Africa,Sub-Saharan Africa,GIN,GN,Guinea,Sub-Saharan Africa ,Sub-Saharan Africa (excluding high income),Low income,IDA,Conakry,-13.7,9.51667,GIN
86.0,GLP,Guadeloupe,North America,,,Latin America and Caribbean,GLP,,,,,,,,,,
87.0,GMB,Gambia,Africa,Africa,Sub-Saharan Africa,Sub-Saharan Africa,GMB,GM,"Gambia, The",Sub-Saharan Africa ,Sub-Saharan Africa (excluding high income),Low income,IDA,Banjul,-16.5885,13.4495,GMB
88.0,GNB,Guinea-Bissau,Africa,Africa,Sub-Saharan Africa,Sub-Saharan Africa,GNB,GW,Guinea-Bissau,Sub-Saharan Africa ,Sub-Saharan Africa (excluding high income),Low income,IDA,Bissau,-15.1804,11.8037,GNB
89.0,GNQ,Equatorial Guinea,Africa,Africa,Sub-Saharan Africa,Sub-Saharan Africa,GNQ,GQ,Equatorial Guinea,Sub-Saharan Africa ,Sub-Saharan Africa (excluding high income),Upper middle income,IBRD,Malabo,8.7741,3.7523,GNQ
90.0,GRC,Greece,Europe,Europe,Europe and Central Asia,Europe and Northern America,GRC,GR,Greece,Europe & Central Asia,,High income,Not classified,Athens,23.7166,37.9792,GRC
91.0,GRD,Grenada,North America,Americas,Latin America and Caribbean,Latin America and Caribbean,GRD,GD,Grenada,Latin America & Caribbean ,Latin America & Caribbean (excluding high income),Upper middle income,Blend,Saint George's,-61.7449,12.0653,GRD
92.0,GRL,Greenland,North America,,Europe and Central Asia,Europe and Northern America,GRL,GL,Greenland,Europe & Central Asia,,High income,Not classified,Nuuk,-51.7214,64.1836,GRL
93.0,GTM,Guatemala,North America,Americas,Latin America and Caribbean,Latin America and Caribbean,GTM,GT,Guatemala,Latin America & Caribbean ,Latin America & Caribbean (excluding high income),Upper middle income,IBRD,Guatemala City,-90.5328,14.6248,GTM
94.0,GUF,French Guiana,South America,,,Latin America and Caribbean,GUF,,,,,,,,,,
95.0,GUM,Guam,Oceania,,East Asia and Pacific,Oceania,GUM,GU,Guam,East Asia & Pacific,,High income,Not classified,Agana,144.794,13.4443,GUM
96.0,GUY,Guyana,South America,Americas,Latin America and Caribbean,Latin America and Caribbean,GUY,GY,Guyana,Latin America & Caribbean ,Latin America & Caribbean (excluding high income),Upper middle income,IDA,Georgetown,-58.1548,6.80461,GUY
97.0,HKG,Hong Kong,Asia,,East Asia and Pacific,Eastern and South-Eastern Asia,HKG,HK,"Hong Kong SAR, China",East Asia & Pacific,,High income,Not classified,,114.109,22.3964,HKG
98.0,HMD,Heard Island and McDonald Islands,Antarctica,,,Oceania,HMD,,,,,,,,,,
99.0,HND,Honduras,North America,Americas,Latin America and Caribbean,Latin America and Caribbean,HND,HN,Honduras,Latin America & Caribbean ,Latin America & Caribbean (excluding high income),Lower middle income,IDA,Tegucigalpa,-87.4667,15.1333,HND
100.0,HRV,Croatia,Europe,Europe,Europe and Central Asia,Europe and Northern America,HRV,HR,Croatia,Europe & Central Asia,,High income,IBRD,Zagreb,15.9614,45.8069,HRV
101.0,HTI,Haiti,North America,Americas,Latin America and Caribbean,Latin America and Caribbean,HTI,HT,Haiti,Latin America & Caribbean ,Latin America & Caribbean (excluding high income),Lower middle income,IDA,Port-au-Prince,-72.3288,18.5392,HTI
102.0,HUN,Hungary,Europe,Europe,Europe and Central Asia,Europe and Northern America,HUN,HU,Hungary,Europe & Central Asia,,High income,Not classified,Budapest,19.0408,47.4984,HUN
103.0,IDN,Indonesia,Asia,South-East Asia,East Asia and Pacific,Eastern and South-Eastern Asia,IDN,ID,Indonesia,East Asia & Pacific,East Asia & Pacific (excluding high income),Lower middle income,IBRD,Jakarta,106.83,-6.19752,IDN
104.0,IMN,Isle of Man,Europe,,Europe and Central Asia,Europe and Northern America,IMN,IM,Isle of Man,Europe & Central Asia,,High income,Not classified,Douglas,-4.47928,54.1509,IMN
105.0,IND,India,Asia,South-East Asia,South Asia,Central and Southern Asia,IND,IN,India,South Asia,South Asia,Lower middle income,IBRD,New Delhi,77.225,28.6353,IND
106.0,IOT,British Indian Ocean Territory,Asia,,,,IOT,,,,,,,,,,
107.0,IRL,Ireland,Europe,Europe,Europe and Central Asia,Europe and Northern America,IRL,IE,Ireland,Europe & Central Asia,,High income,Not classified,Dublin,-6.26749,53.3441,IRL
108.0,IRN,Iran,Asia,Eastern Mediterranean,Middle East and North Africa,Central and Southern Asia,IRN,IR,"Iran, Islamic Rep.",Middle East & North Africa,Middle East & North Africa (excluding high income),Lower middle income,IBRD,Tehran,51.4447,35.6878,IRN
109.0,IRQ,Iraq,Asia,Eastern Mediterranean,Middle East and North Africa,Northern Africa and Western Asia,IRQ,IQ,Iraq,Middle East & North Africa,Middle East & North Africa (excluding high income),Upper middle income,IBRD,Baghdad,44.394,33.3302,IRQ
110.0,ISL,Iceland,Europe,Europe,Europe and Central Asia,Europe and Northern America,ISL,IS,Iceland,Europe & Central Asia,,High income,Not classified,Reykjavik,-21.8952,64.1353,ISL
111.0,ISR,Israel,Asia,Europe,Middle East and North Africa,Northern Africa and Western Asia,ISR,IL,Israel,Middle East & North Africa,,High income,Not classified,,35.2035,31.7717,ISR
112.0,ITA,Italy,Europe,Europe,Europe and Central Asia,Europe and Northern America,ITA,IT,Italy,Europe & Central Asia,,High income,Not classified,Rome,12.4823,41.8955,ITA
113.0,JAM,Jamaica,North America,Americas,Latin America and Caribbean,Latin America and Caribbean,JAM,JM,Jamaica,Latin America & Caribbean ,Latin America & Caribbean (excluding high income),Upper middle income,IBRD,Kingston,-76.792,17.9927,JAM
114.0,JEY,Jersey,Europe,,,,JEY,,,,,,,,,,
115.0,JOR,Jordan,Asia,Eastern Mediterranean,Middle East and North Africa,Northern Africa and Western Asia,JOR,JO,Jordan,Middle East & North Africa,Middle East & North Africa (excluding high income),Upper middle income,IBRD,Amman,35.9263,31.9497,JOR
116.0,JPN,Japan,Asia,Western Pacific,East Asia and Pacific,Eastern and South-Eastern Asia,JPN,JP,Japan,East Asia & Pacific,,High income,Not classified,Tokyo,139.77,35.67,JPN
117.0,KAZ,Kazakhstan,Asia,Europe,Europe and Central Asia,Central and Southern Asia,KAZ,KZ,Kazakhstan,Europe & Central Asia,Europe & Central Asia (excluding high income),Upper middle income,IBRD,Astana,71.4382,51.1879,KAZ
118.0,KEN,Kenya,Africa,Africa,Sub-Saharan Africa,Sub-Saharan Africa,KEN,KE,Kenya,Sub-Saharan Africa ,Sub-Saharan Africa (excluding high income),Lower middle income,Blend,Nairobi,36.8126,-1.27975,KEN
119.0,KGZ,Kyrgyzstan,Asia,Europe,Europe and Central Asia,Central and Southern Asia,KGZ,KG,Kyrgyz Republic,Europe & Central Asia,Europe & Central Asia (excluding high income),Lower middle income,IDA,Bishkek,74.6057,42.8851,KGZ
120.0,KHM,Cambodia,Asia,Western Pacific,East Asia and Pacific,Eastern and South-Eastern Asia,KHM,KH,Cambodia,East Asia & Pacific,East Asia & Pacific (excluding high income),Lower middle income,IDA,Phnom Penh,104.874,11.5556,KHM
121.0,KIR,Kiribati,Oceania,Western Pacific,East Asia and Pacific,Oceania,KIR,KI,Kiribati,East Asia & Pacific,East Asia & Pacific (excluding high income),Lower middle income,IDA,Tarawa,172.979,1.32905,KIR
122.0,KNA,Saint Kitts and Nevis,North America,Americas,Latin America and Caribbean,Latin America and Caribbean,KNA,KN,St. Kitts and Nevis,Latin America & Caribbean ,,High income,IBRD,Basseterre,-62.7309,17.3,KNA
123.0,KOR,South Korea,Asia,Western Pacific,East Asia and Pacific,Eastern and South-Eastern Asia,KOR,KR,"Korea, Rep.",East Asia & Pacific,,High income,Not classified,Seoul,126.957,37.5323,KOR
124.0,KWT,Kuwait,Asia,Eastern Mediterranean,Middle East and North Africa,Northern Africa and Western Asia,KWT,KW,Kuwait,Middle East & North Africa,,High income,Not classified,Kuwait City,47.9824,29.3721,KWT
125.0,LAO,Laos,Asia,Western Pacific,East Asia and Pacific,Eastern and South-Eastern Asia,LAO,LA,Lao PDR,East Asia & Pacific,East Asia & Pacific (excluding high income),Lower middle income,IDA,Vientiane,102.177,18.5826,LAO
126.0,LBN,Lebanon,Asia,Eastern Mediterranean,Middle East and North Africa,Northern Africa and Western Asia,LBN,LB,Lebanon,Middle East & North Africa,Middle East & North Africa (excluding high income),Upper middle income,IBRD,Beirut,35.5134,33.8872,LBN
127.0,LBR,Liberia,Africa,Africa,Sub-Saharan Africa,Sub-Saharan Africa,LBR,LR,Liberia,Sub-Saharan Africa ,Sub-Saharan Africa (excluding high income),Low income,IDA,Monrovia,-10.7957,6.30039,LBR
128.0,LBY,Libya,Africa,Eastern Mediterranean,Middle East and North Africa,Northern Africa and Western Asia,LBY,LY,Libya,Middle East & North Africa,Middle East & North Africa (excluding high income),Upper middle income,IBRD,Tripoli,13.1072,32.8578,LBY
129.0,LCA,Saint Lucia,North America,Americas,Latin America and Caribbean,Latin America and Caribbean,LCA,LC,St. Lucia,Latin America & Caribbean ,Latin America & Caribbean (excluding high income),Upper middle income,Blend,Castries,-60.9832,14.0,LCA
130.0,LIE,Liechtenstein,Europe,,Europe and Central Asia,Europe and Northern America,LIE,LI,Liechtenstein,Europe & Central Asia,,High income,Not classified,Vaduz,9.52148,47.1411,LIE
131.0,LKA,Sri Lanka,Asia,South-East Asia,South Asia,Central and Southern Asia,LKA,LK,Sri Lanka,South Asia,South Asia,Lower middle income,IBRD,Colombo,79.8528,6.92148,LKA
132.0,LSO,Lesotho,Africa,Africa,Sub-Saharan Africa,Sub-Saharan Africa,LSO,LS,Lesotho,Sub-Saharan Africa ,Sub-Saharan Africa (excluding high income),Lower middle income,IDA,Maseru,27.7167,-29.5208,LSO
133.0,LTU,Lithuania,Europe,Europe,Europe and Central Asia,Europe and Northern America,LTU,LT,Lithuania,Europe & Central Asia,,High income,Not classified,Vilnius,25.2799,54.6896,LTU
134.0,LUX,Luxembourg,Europe,Europe,Europe and Central Asia,Europe and Northern America,LUX,LU,Luxembourg,Europe & Central Asia,,High income,Not classified,Luxembourg,6.1296,49.61,LUX
135.0,LVA,Latvia,Europe,Europe,Europe and Central Asia,Europe and Northern America,LVA,LV,Latvia,Europe & Central Asia,,High income,Not classified,Riga,24.1048,56.9465,LVA
136.0,MAC,Macao,Asia,,East Asia and Pacific,Eastern and South-Eastern Asia,MAC,MO,"Macao SAR, China",East Asia & Pacific,,High income,Not classified,,113.55,22.1667,MAC
137.0,MAF,Saint Martin (French part),North America,,Latin America and Caribbean,Latin America and Caribbean,MAF,MF,St. Martin (French part),Latin America & Caribbean ,,High income,Not classified,Marigot,,,MAF
138.0,MAR,Morocco,Africa,Eastern Mediterranean,Middle East and North Africa,Northern Africa and Western Asia,MAR,MA,Morocco,Middle East & North Africa,Middle East & North Africa (excluding high income),Lower middle income,IBRD,Rabat,-6.8704,33.9905,MAR
139.0,MCO,Monaco,Europe,Europe,Europe and Central Asia,Europe and Northern America,MCO,MC,Monaco,Europe & Central Asia,,High income,Not classified,Monaco,7.41891,43.7325,MCO
140.0,MDA,Moldova,Europe,Europe,Europe and Central Asia,Europe and Northern America,MDA,MD,Moldova,Europe & Central Asia,Europe & Central Asia (excluding high income),Upper middle income,IBRD,Chisinau,28.8497,47.0167,MDA
141.0,MDG,Madagascar,Africa,Africa,Sub-Saharan Africa,Sub-Saharan Africa,MDG,MG,Madagascar,Sub-Saharan Africa ,Sub-Saharan Africa (excluding high income),Low income,IDA,Antananarivo,45.7167,-20.4667,MDG
142.0,MDV,Maldives,Asia,South-East Asia,South Asia,Central and Southern Asia,MDV,MV,Maldives,South Asia,South Asia,Upper middle income,IDA,Male,73.5109,4.1742,MDV
143.0,MEX,Mexico,North America,Americas,Latin America and Caribbean,Latin America and Caribbean,MEX,MX,Mexico,Latin America & Caribbean ,Latin America & Caribbean (excluding high income),Upper middle income,IBRD,Mexico City,-99.1276,19.427,MEX
144.0,MHL,Marshall Islands,Oceania,Western Pacific,East Asia and Pacific,Oceania,MHL,MH,Marshall Islands,East Asia & Pacific,East Asia & Pacific (excluding high income),Upper middle income,IDA,Majuro,171.135,7.11046,MHL
145.0,MKD,North Macedonia,Europe,Europe,Europe and Central Asia,Europe and Northern America,MKD,MK,North Macedonia,Europe & Central Asia,Europe & Central Asia (excluding high income),Upper middle income,IBRD,Skopje,21.4361,42.0024,MKD
146.0,MLI,Mali,Africa,Africa,Sub-Saharan Africa,Sub-Saharan Africa,MLI,ML,Mali,Sub-Saharan Africa ,Sub-Saharan Africa (excluding high income),Low income,IDA,Bamako,-7.50034,13.5667,MLI
147.0,MLT,Malta,Europe,Europe,Middle East and North Africa,Europe and Northern America,MLT,MT,Malta,Middle East & North Africa,,High income,Not classified,Valletta,14.5189,35.9042,MLT
148.0,MMR,Myanmar,Asia,South-East Asia,East Asia and Pacific,Eastern and South-Eastern Asia,MMR,MM,Myanmar,East Asia & Pacific,East Asia & Pacific (excluding high income),Lower middle income,IDA,Naypyidaw,95.9562,21.914,MMR
149.0,MNE,Montenegro,Europe,Europe,Europe and Central Asia,Europe and Northern America,MNE,ME,Montenegro,Europe & Central Asia,Europe & Central Asia (excluding high income),Upper middle income,IBRD,Podgorica,19.2595,42.4602,MNE
150.0,MNG,Mongolia,Asia,Western Pacific,East Asia and Pacific,Eastern and South-Eastern Asia,MNG,MN,Mongolia,East Asia & Pacific,East Asia & Pacific (excluding high income),Lower middle income,IBRD,Ulaanbaatar,106.937,47.9129,MNG
151.0,MNP,Northern Mariana Islands,Oceania,,East Asia and Pacific,Oceania,MNP,MP,Northern Mariana Islands,East Asia & Pacific,,High income,Not classified,Saipan,145.765,15.1935,MNP
152.0,MOZ,Mozambique,Africa,Africa,Sub-Saharan Africa,Sub-Saharan Africa,MOZ,MZ,Mozambique,Sub-Saharan Africa ,Sub-Saharan Africa (excluding high income),Low income,IDA,Maputo,32.5713,-25.9664,MOZ
153.0,MRT,Mauritania,Africa,Africa,Sub-Saharan Africa,Sub-Saharan Africa,MRT,MR,Mauritania,Sub-Saharan Africa ,Sub-Saharan Africa (excluding high income),Lower middle income,IDA,Nouakchott,-15.9824,18.2367,MRT
154.0,MSR,Montserrat,North America,,,Latin America and Caribbean,MSR,,,,,,,,,,
155.0,MTQ,Martinique,North America,,,Latin America and Caribbean,MTQ,,,,,,,,,,
156.0,MUS,Mauritius,Africa,Africa,Sub-Saharan Africa,Sub-Saharan Africa,MUS,MU,Mauritius,Sub-Saharan Africa ,Sub-Saharan Africa (excluding high income),Upper middle income,IBRD,Port Louis,57.4977,-20.1605,MUS
157.0,MWI,Malawi,Africa,Africa,Sub-Saharan Africa,Sub-Saharan Africa,MWI,MW,Malawi,Sub-Saharan Africa ,Sub-Saharan Africa (excluding high income),Low income,IDA,Lilongwe,33.7703,-13.9899,MWI
158.0,MYS,Malaysia,Asia,Western Pacific,East Asia and Pacific,Eastern and South-Eastern Asia,MYS,MY,Malaysia,East Asia & Pacific,East Asia & Pacific (excluding high income),Upper middle income,IBRD,Kuala Lumpur,101.684,3.12433,MYS
159.0,MYT,Mayotte,Africa,,,Sub-Saharan Africa,MYT,,,,,,,,,,
160.0,NAM,Namibia,Africa,Africa,Sub-Saharan Africa,Sub-Saharan Africa,NAM,NA,Namibia,Sub-Saharan Africa ,Sub-Saharan Africa (excluding high income),Upper middle income,IBRD,Windhoek,17.0931,-22.5648,NAM
161.0,NCL,New Caledonia,Oceania,,East Asia and Pacific,Oceania,NCL,NC,New Caledonia,East Asia & Pacific,,High income,Not classified,Noum'ea,166.464,-22.2677,NCL
162.0,NER,Niger,Africa,Africa,Sub-Saharan Africa,Sub-Saharan Africa,NER,NE,Niger,Sub-Saharan Africa ,Sub-Saharan Africa (excluding high income),Low income,IDA,Niamey,2.1073,13.514,NER
163.0,NFK,Norfolk Island,Oceania,,,Oceania,NFK,,,,,,,,,,
164.0,NGA,Nigeria,Africa,Africa,Sub-Saharan Africa,Sub-Saharan Africa,NGA,NG,Nigeria,Sub-Saharan Africa ,Sub-Saharan Africa (excluding high income),Lower middle income,Blend,Abuja,7.48906,9.05804,NGA
165.0,NIC,Nicaragua,North America,Americas,Latin America and Caribbean,Latin America and Caribbean,NIC,NI,Nicaragua,Latin America & Caribbean ,Latin America & Caribbean (excluding high income),Lower middle income,IDA,Managua,-86.2734,12.1475,NIC
166.0,NIU,Niue,Oceania,Western Pacific,,Oceania,NIU,,,,,,,,,,
167.0,NLD,Netherlands,Europe,Europe,Europe and Central Asia,Europe and Northern America,NLD,NL,Netherlands,Europe & Central Asia,,High income,Not classified,Amsterdam,4.89095,52.3738,NLD
168.0,NOR,Norway,Europe,Europe,Europe and Central Asia,Europe and Northern America,NOR,NO,Norway,Europe & Central Asia,,High income,Not classified,Oslo,10.7387,59.9138,NOR
169.0,NPL,Nepal,Asia,South-East Asia,South Asia,Central and Southern Asia,NPL,NP,Nepal,South Asia,South Asia,Lower middle income,IDA,Kathmandu,85.3157,27.6939,NPL
170.0,NRU,Nauru,Oceania,Western Pacific,East Asia and Pacific,Oceania,NRU,NR,Nauru,East Asia & Pacific,,High income,IBRD,Yaren District,166.920867,-0.5477,NRU
171.0,NZL,New Zealand,Oceania,Western Pacific,East Asia and Pacific,Oceania,NZL,NZ,New Zealand,East Asia & Pacific,,High income,Not classified,Wellington,174.776,-41.2865,NZL
172.0,OMN,Oman,Asia,Eastern Mediterranean,Middle East and North Africa,Northern Africa and Western Asia,OMN,OM,Oman,Middle East & North Africa,,High income,Not classified,Muscat,58.5874,23.6105,OMN
173.0,OWID_ABK,Abkhazia,Asia,,,,OWID_ABK,,,,,,,,,,
174.0,OWID_AFR,Africa,,,,,OWID_AFR,,,,,,,,,,
175.0,OWID_AKD,Akrotiri and Dhekelia,Asia,,,,OWID_AKD,,,,,,,,,,
176.0,OWID_AUH,Austria-Hungary,Europe,,,,OWID_AUH,,,,,,,,,,
177.0,OWID_BAD,Baden,Europe,,,,OWID_BAD,,,,,,,,,,
178.0,OWID_BAV,Bavaria,Europe,,,,OWID_BAV,,,,,,,,,,
179.0,OWID_CIS,Channel Islands,Europe,,Europe and Central Asia,Europe and Northern America,OWID_CIS,,,,,,,,,,
180.0,OWID_CYN,Northern Cyprus,Asia,,,,OWID_CYN,,,,,,,,,,
181.0,OWID_CZS,Czechoslovakia,Europe,,,,OWID_CZS,,,,,,,,,,
182.0,OWID_ERE,Eritrea and Ethiopia,Africa,,,,OWID_ERE,,,,,,,,,,
183.0,OWID_EU27,European Union (27),,,,,OWID_EU27,,,,,,,,,,
184.0,OWID_EUR,Europe,,,,,OWID_EUR,,,,,,,,,,
185.0,OWID_GDR,East Germany,Europe,,,,OWID_GDR,,,,,,,,,,
186.0,OWID_GFR,West Germany,Europe,,,,OWID_GFR,,,,,,,,,,
187.0,OWID_HAN,Hanover,Europe,,,,OWID_HAN,,,,,,,,,,
188.0,OWID_HSE,Hesse Electoral,Europe,,,,OWID_HSE,,,,,,,,,,
189.0,OWID_HSG,Hesse Grand Ducal,Europe,,,,OWID_HSG,,,,,,,,,,
190.0,OWID_KOS,Kosovo,Europe,,Europe and Central Asia,Europe and Northern America,OWID_KOS,,,,,,,,,,
191.0,OWID_KRU,United Korea,Asia,,,,OWID_KRU,,,,,,,,,,
192.0,OWID_MEC,Mecklenburg Schwerin,Europe,,,,OWID_MEC,,,,,,,,,,
193.0,OWID_MOD,Modena,Europe,,,,OWID_MOD,,,,,,,,,,
194.0,OWID_NAG,Nagorno-Karabakh,Asia,,,,OWID_NAG,,,,,,,,,,
195.0,OWID_PMA,Parma,Europe,,,,OWID_PMA,,,,,,,,,,
196.0,OWID_RVN,Republic of Vietnam,Asia,,,,OWID_RVN,,,,,,,,,,
197.0,OWID_SAX,Saxony,Europe,,,,OWID_SAX,,,,,,,,,,
198.0,OWID_SEK,Serbia excluding Kosovo,Europe,,,,OWID_SEK,,,,,,,,,,
199.0,OWID_SIC,Two Sicilies,Europe,,,,OWID_SIC,,,,,,,,,,
200.0,OWID_SML,Somaliland,Africa,,,,OWID_SML,,,,,,,,,,
201.0,OWID_SOS,South Ossetia,Asia,,,,OWID_SOS,,,,,,,,,,
202.0,OWID_SRM,Serbia and Montenegro,Europe,,,,OWID_SRM,,,,,,,,,,
203.0,OWID_TRS,Transnistria,Europe,,,,OWID_TRS,,,,,,,,,,
204.0,OWID_TUS,Tuscany,Europe,,,,OWID_TUS,,,,,,,,,,
205.0,OWID_USS,USSR,Europe,,,,OWID_USS,,,,,,,,,,
206.0,OWID_WRL,World,,,,,OWID_WRL,,,,,,,,,,
207.0,OWID_WRT,Wuerttemburg,Europe,,,,OWID_WRT,,,,,,,,,,
208.0,OWID_YAR,Yemen Arab Republic,Asia,,,,OWID_YAR,,,,,,,,,,
209.0,OWID_YGS,Yugoslavia,Europe,,,,OWID_YGS,,,,,,,,,,
210.0,OWID_YPR,Yemen People's Republic,Asia,,,,OWID_YPR,,,,,,,,,,
211.0,OWID_ZAN,Zanzibar,Africa,,,,OWID_ZAN,,,,,,,,,,
212.0,PAK,Pakistan,Asia,Eastern Mediterranean,South Asia,Central and Southern Asia,PAK,PK,Pakistan,South Asia,South Asia,Lower middle income,Blend,Islamabad,72.8,30.5167,PAK
213.0,PAN,Panama,North America,Americas,Latin America and Caribbean,Latin America and Caribbean,PAN,PA,Panama,Latin America & Caribbean ,Latin America & Caribbean (excluding high income),Upper middle income,IBRD,Panama City,-79.5188,8.99427,PAN
214.0,PCN,Pitcairn,Oceania,,,Oceania,PCN,,,,,,,,,,
215.0,PER,Peru,South America,Americas,Latin America and Caribbean,Latin America and Caribbean,PER,PE,Peru,Latin America & Caribbean ,Latin America & Caribbean (excluding high income),Upper middle income,IBRD,Lima,-77.0465,-12.0931,PER
216.0,PHL,Philippines,Asia,Western Pacific,East Asia and Pacific,Eastern and South-Eastern Asia,PHL,PH,Philippines,East Asia & Pacific,East Asia & Pacific (excluding high income),Lower middle income,IBRD,Manila,121.035,14.5515,PHL
217.0,PLW,Palau,Oceania,Western Pacific,East Asia and Pacific,Oceania,PLW,PW,Palau,East Asia & Pacific,,High income,IBRD,Koror,134.479,7.34194,PLW
218.0,PNG,Papua New Guinea,Oceania,Western Pacific,East Asia and Pacific,Oceania,PNG,PG,Papua New Guinea,East Asia & Pacific,East Asia & Pacific (excluding high income),Lower middle income,Blend,Port Moresby,147.194,-9.47357,PNG
219.0,POL,Poland,Europe,Europe,Europe and Central Asia,Europe and Northern America,POL,PL,Poland,Europe & Central Asia,,High income,IBRD,Warsaw,21.02,52.26,POL
220.0,PRI,Puerto Rico,North America,,Latin America and Caribbean,Latin America and Caribbean,PRI,PR,Puerto Rico,Latin America & Caribbean ,,High income,Not classified,San Juan,-66.0,18.23,PRI
221.0,PRK,North Korea,Asia,South-East Asia,East Asia and Pacific,Eastern and South-Eastern Asia,PRK,KP,"Korea, Dem. People's Rep.",East Asia & Pacific,East Asia & Pacific (excluding high income),Low income,Not classified,Pyongyang,125.754,39.0319,PRK
222.0,PRT,Portugal,Europe,Europe,Europe and Central Asia,Europe and Northern America,PRT,PT,Portugal,Europe & Central Asia,,High income,Not classified,Lisbon,-9.13552,38.7072,PRT
223.0,PRY,Paraguay,South America,Americas,Latin America and Caribbean,Latin America and Caribbean,PRY,PY,Paraguay,Latin America & Caribbean ,Latin America & Caribbean (excluding high income),Upper middle income,IBRD,Asuncion,-57.6362,-25.3005,PRY
224.0,PSE,Palestine,Asia,,Middle East and North Africa,Northern Africa and Western Asia,PSE,PS,West Bank and Gaza,Middle East & North Africa,Middle East & North Africa (excluding high income),Lower middle income,Not classified,,,,PSE
225.0,PYF,French Polynesia,Oceania,,East Asia and Pacific,Oceania,PYF,PF,French Polynesia,East Asia & Pacific,,High income,Not classified,Papeete,-149.57,-17.535,PYF
226.0,QAT,Qatar,Asia,Eastern Mediterranean,Middle East and North Africa,Northern Africa and Western Asia,QAT,QA,Qatar,Middle East & North Africa,,High income,Not classified,Doha,51.5082,25.2948,QAT
227.0,REU,Reunion,Africa,,,Sub-Saharan Africa,REU,,,,,,,,,,
228.0,ROU,Romania,Europe,Europe,Europe and Central Asia,Europe and Northern America,ROU,RO,Romania,Europe & Central Asia,Europe & Central Asia (excluding high income),Upper middle income,IBRD,Bucharest,26.0979,44.4479,ROU
229.0,RUS,Russia,Europe,Europe,Europe and Central Asia,Europe and Northern America,RUS,RU,Russian Federation,Europe & Central Asia,Europe & Central Asia (excluding high income),Upper middle income,IBRD,Moscow,37.6176,55.7558,RUS
230.0,RWA,Rwanda,Africa,Africa,Sub-Saharan Africa,Sub-Saharan Africa,RWA,RW,Rwanda,Sub-Saharan Africa ,Sub-Saharan Africa (excluding high income),Low income,IDA,Kigali,30.0587,-1.95325,RWA
231.0,SAU,Saudi Arabia,Asia,Eastern Mediterranean,Middle East and North Africa,Northern Africa and Western Asia,SAU,SA,Saudi Arabia,Middle East & North Africa,,High income,Not classified,Riyadh,46.6977,24.6748,SAU
232.0,SDN,Sudan,Africa,Eastern Mediterranean,Sub-Saharan Africa,Northern Africa and Western Asia,SDN,SD,Sudan,Sub-Saharan Africa ,Sub-Saharan Africa (excluding high income),Low income,IDA,Khartoum,32.5363,15.5932,SDN
233.0,SEN,Senegal,Africa,Africa,Sub-Saharan Africa,Sub-Saharan Africa,SEN,SN,Senegal,Sub-Saharan Africa ,Sub-Saharan Africa (excluding high income),Lower middle income,IDA,Dakar,-17.4734,14.7247,SEN
234.0,SGP,Singapore,Asia,Western Pacific,East Asia and Pacific,Eastern and South-Eastern Asia,SGP,SG,Singapore,East Asia & Pacific,,High income,Not classified,Singapore,103.85,1.28941,SGP
235.0,SGS,South Georgia and the South Sandwich Islands,South America,,,Latin America and Caribbean,SGS,,,,,,,,,,
236.0,SHN,Saint Helena,Africa,,,,SHN,,,,,,,,,,
237.0,SJM,Svalbard and Jan Mayen,Europe,,,,SJM,,,,,,,,,,
238.0,SLB,Solomon Islands,Oceania,Western Pacific,East Asia and Pacific,Oceania,SLB,SB,Solomon Islands,East Asia & Pacific,East Asia & Pacific (excluding high income),Lower middle income,IDA,Honiara,159.949,-9.42676,SLB
239.0,SLE,Sierra Leone,Africa,Africa,Sub-Saharan Africa,Sub-Saharan Africa,SLE,SL,Sierra Leone,Sub-Saharan Africa ,Sub-Saharan Africa (excluding high income),Low income,IDA,Freetown,-13.2134,8.4821,SLE
240.0,SLV,El Salvador,North America,Americas,Latin America and Caribbean,Latin America and Caribbean,SLV,SV,El Salvador,Latin America & Caribbean ,Latin America & Caribbean (excluding high income),Lower middle income,IBRD,San Salvador,-89.2073,13.7034,SLV
241.0,SMR,San Marino,Europe,Europe,Europe and Central Asia,Europe and Northern America,SMR,SM,San Marino,Europe & Central Asia,,High income,Not classified,San Marino,12.4486,43.9322,SMR
242.0,SOM,Somalia,Africa,Eastern Mediterranean,Sub-Saharan Africa,Sub-Saharan Africa,SOM,SO,Somalia,Sub-Saharan Africa ,Sub-Saharan Africa (excluding high income),Low income,IDA,Mogadishu,45.3254,2.07515,SOM
243.0,SPM,Saint Pierre and Miquelon,North America,,,,SPM,,,,,,,,,,
244.0,SRB,Serbia,Europe,Europe,Europe and Central Asia,Europe and Northern America,SRB,RS,Serbia,Europe & Central Asia,Europe & Central Asia (excluding high income),Upper middle income,IBRD,Belgrade,20.4656,44.8024,SRB
245.0,SSD,South Sudan,Africa,Africa,Sub-Saharan Africa,Sub-Saharan Africa,SSD,SS,South Sudan,Sub-Saharan Africa ,Sub-Saharan Africa (excluding high income),Low income,IDA,Juba,31.6,4.85,SSD
246.0,STP,Sao Tome and Principe,Africa,Africa,Sub-Saharan Africa,Sub-Saharan Africa,STP,ST,Sao Tome and Principe,Sub-Saharan Africa ,Sub-Saharan Africa (excluding high income),Lower middle income,IDA,Sao Tome,6.6071,0.20618,STP
247.0,SUR,Suriname,South America,Americas,Latin America and Caribbean,Latin America and Caribbean,SUR,SR,Suriname,Latin America & Caribbean ,Latin America & Caribbean (excluding high income),Upper middle income,IBRD,Paramaribo,-55.1679,5.8232,SUR
248.0,SVK,Slovakia,Europe,Europe,Europe and Central Asia,Europe and Northern America,SVK,SK,Slovak Republic,Europe & Central Asia,,High income,Not classified,Bratislava,17.1073,48.1484,SVK
249.0,SVN,Slovenia,Europe,Europe,Europe and Central Asia,Europe and Northern America,SVN,SI,Slovenia,Europe & Central Asia,,High income,Not classified,Ljubljana,14.5044,46.0546,SVN
250.0,SWE,Sweden,Europe,Europe,Europe and Central Asia,Europe and Northern America,SWE,SE,Sweden,Europe & Central Asia,,High income,Not classified,Stockholm,18.0645,59.3327,SWE
251.0,SWZ,Eswatini,Africa,Africa,Sub-Saharan Africa,Sub-Saharan Africa,SWZ,SZ,Eswatini,Sub-Saharan Africa ,Sub-Saharan Africa (excluding high income),Lower middle income,IBRD,Mbabane,31.4659,-26.5225,SWZ
252.0,SXM,Sint Maarten (Dutch part),North America,,Latin America and Caribbean,Latin America and Caribbean,SXM,SX,Sint Maarten (Dutch part),Latin America & Caribbean ,,High income,Not classified,Philipsburg,,,SXM
253.0,SYC,Seychelles,Africa,Africa,Sub-Saharan Africa,Sub-Saharan Africa,SYC,SC,Seychelles,Sub-Saharan Africa ,,High income,IBRD,Victoria,55.4466,-4.6309,SYC
254.0,SYR,Syria,Asia,Eastern Mediterranean,Middle East and North Africa,Northern Africa and Western Asia,SYR,SY,Syrian Arab Republic,Middle East & North Africa,Middle East & North Africa (excluding high income),Low income,IDA,Damascus,36.3119,33.5146,SYR
255.0,TCA,Turks and Caicos Islands,North America,,Latin America and Caribbean,Latin America and Caribbean,TCA,TC,Turks and Caicos Islands,Latin America & Caribbean ,,High income,Not classified,Grand Turk,-71.141389,21.4602778,TCA
256.0,TCD,Chad,Africa,Africa,Sub-Saharan Africa,Sub-Saharan Africa,TCD,TD,Chad,Sub-Saharan Africa ,Sub-Saharan Africa (excluding high income),Low income,IDA,N'Djamena,15.0445,12.1048,TCD
257.0,TGO,Togo,Africa,Africa,Sub-Saharan Africa,Sub-Saharan Africa,TGO,TG,Togo,Sub-Saharan Africa ,Sub-Saharan Africa (excluding high income),Low income,IDA,Lome,1.2255,6.1228,TGO
258.0,THA,Thailand,Asia,South-East Asia,East Asia and Pacific,Eastern and South-Eastern Asia,THA,TH,Thailand,East Asia & Pacific,East Asia & Pacific (excluding high income),Upper middle income,IBRD,Bangkok,100.521,13.7308,THA
259.0,TJK,Tajikistan,Asia,Europe,Europe and Central Asia,Central and Southern Asia,TJK,TJ,Tajikistan,Europe & Central Asia,Europe & Central Asia (excluding high income),Lower middle income,IDA,Dushanbe,68.7864,38.5878,TJK
260.0,TKL,Tokelau,Oceania,,,Oceania,TKL,,,,,,,,,,
261.0,TKM,Turkmenistan,Asia,Europe,Europe and Central Asia,Central and Southern Asia,TKM,TM,Turkmenistan,Europe & Central Asia,Europe & Central Asia (excluding high income),Upper middle income,IBRD,Ashgabat,58.3794,37.9509,TKM
262.0,TLS,Timor-Leste,Asia,South-East Asia,East Asia and Pacific,Eastern and South-Eastern Asia,TLS,TL,Timor-Leste,East Asia & Pacific,East Asia & Pacific (excluding high income),Lower middle income,Blend,Dili,125.567,-8.56667,TLS
263.0,TON,Tonga,Oceania,Western Pacific,East Asia and Pacific,Oceania,TON,TO,Tonga,East Asia & Pacific,East Asia & Pacific (excluding high income),Upper middle income,IDA,Nuku'alofa,-175.216,-21.136,TON
264.0,TTO,Trinidad and Tobago,North America,Americas,Latin America and Caribbean,Latin America and Caribbean,TTO,TT,Trinidad and Tobago,Latin America & Caribbean ,,High income,IBRD,Port-of-Spain,-61.4789,10.6596,TTO
265.0,TUN,Tunisia,Africa,Eastern Mediterranean,Middle East and North Africa,Northern Africa and Western Asia,TUN,TN,Tunisia,Middle East & North Africa,Middle East & North Africa (excluding high income),Lower middle income,IBRD,Tunis,10.21,36.7899,TUN
266.0,TUR,Turkey,Asia,Europe,Europe and Central Asia,Northern Africa and Western Asia,TUR,TR,Turkey,Europe & Central Asia,Europe & Central Asia (excluding high income),Upper middle income,IBRD,Ankara,32.3606,39.7153,TUR
267.0,TUV,Tuvalu,Oceania,Western Pacific,East Asia and Pacific,Oceania,TUV,TV,Tuvalu,East Asia & Pacific,East Asia & Pacific (excluding high income),Upper middle income,IDA,Funafuti,179.089567,-8.6314877,TUV
268.0,TWN,Taiwan,Asia,,,,TWN,TW,"Taiwan, China",East Asia & Pacific,,High income,Not classified,,,,TWN
269.0,TZA,Tanzania,Africa,Africa,Sub-Saharan Africa,Sub-Saharan Africa,TZA,TZ,Tanzania,Sub-Saharan Africa ,Sub-Saharan Africa (excluding high income),Lower middle income,IDA,Dodoma,35.7382,-6.17486,TZA
270.0,UGA,Uganda,Africa,Africa,Sub-Saharan Africa,Sub-Saharan Africa,UGA,UG,Uganda,Sub-Saharan Africa ,Sub-Saharan Africa (excluding high income),Low income,IDA,Kampala,32.5729,0.314269,UGA
271.0,UKR,Ukraine,Europe,Europe,Europe and Central Asia,Europe and Northern America,UKR,UA,Ukraine,Europe & Central Asia,Europe & Central Asia (excluding high income),Lower middle income,IBRD,Kiev,30.5038,50.4536,UKR
272.0,UMI,United States Minor Outlying Islands,Oceania,,,,UMI,,,,,,,,,,
273.0,URY,Uruguay,South America,Americas,Latin America and Caribbean,Latin America and Caribbean,URY,UY,Uruguay,Latin America & Caribbean ,,High income,IBRD,Montevideo,-56.0675,-34.8941,URY
274.0,USA,United States,North America,Americas,North America,Europe and Northern America,USA,US,United States,North America,,High income,Not classified,Washington D.C.,-77.032,38.8895,USA
275.0,UZB,Uzbekistan,Asia,Europe,Europe and Central Asia,Central and Southern Asia,UZB,UZ,Uzbekistan,Europe & Central Asia,Europe & Central Asia (excluding high income),Lower middle income,Blend,Tashkent,69.269,41.3052,UZB
276.0,VAT,Vatican,Europe,,,,VAT,,,,,,,,,,
277.0,VCT,Saint Vincent and the Grenadines,North America,Americas,Latin America and Caribbean,Latin America and Caribbean,VCT,VC,St. Vincent and the Grenadines,Latin America & Caribbean ,Latin America & Caribbean (excluding high income),Upper middle income,Blend,Kingstown,-61.2653,13.2035,VCT
278.0,VEN,Venezuela,South America,Americas,Latin America and Caribbean,Latin America and Caribbean,VEN,VE,"Venezuela, RB",Latin America & Caribbean ,,Not classified,IBRD,Caracas,-69.8371,9.08165,VEN
279.0,VGB,British Virgin Islands,North America,,Latin America and Caribbean,Latin America and Caribbean,VGB,VG,British Virgin Islands,Latin America & Caribbean ,,High income,Not classified,Road Town,-64.623056,18.431389,VGB
280.0,VIR,United States Virgin Islands,North America,,Latin America and Caribbean,Latin America and Caribbean,VIR,VI,Virgin Islands (U.S.),Latin America & Caribbean ,,High income,Not classified,Charlotte Amalie,-64.8963,18.3358,VIR
281.0,VNM,Vietnam,Asia,Western Pacific,East Asia and Pacific,Eastern and South-Eastern Asia,VNM,VN,Vietnam,East Asia & Pacific,East Asia & Pacific (excluding high income),Lower middle income,IBRD,Hanoi,105.825,21.0069,VNM
282.0,VUT,Vanuatu,Oceania,Western Pacific,East Asia and Pacific,Oceania,VUT,VU,Vanuatu,East Asia & Pacific,East Asia & Pacific (excluding high income),Lower middle income,IDA,Port-Vila,168.321,-17.7404,VUT
283.0,WLF,Wallis and Futuna Islands,Oceania,,,Oceania,WLF,,,,,,,,,,
284.0,WSM,Samoa,Oceania,Western Pacific,East Asia and Pacific,Oceania,WSM,WS,Samoa,East Asia & Pacific,East Asia & Pacific (excluding high income),Lower middle income,IDA,Apia,-171.752,-13.8314,WSM
285.0,YEM,Yemen,Asia,Eastern Mediterranean,Middle East and North Africa,Northern Africa and Western Asia,YEM,YE,"Yemen, Rep.",Middle East & North Africa,Middle East & North Africa (excluding high income),Low income,IDA,Sana'a,44.2075,15.352,YEM
286.0,ZAF,South Africa,Africa,Africa,Sub-Saharan Africa,Sub-Saharan Africa,ZAF,ZA,South Africa,Sub-Saharan Africa ,Sub-Saharan Africa (excluding high income),Upper middle income,IBRD,Pretoria,28.1871,-25.746,ZAF
287.0,ZMB,Zambia,Africa,Africa,Sub-Saharan Africa,Sub-Saharan Africa,ZMB,ZM,Zambia,Sub-Saharan Africa ,Sub-Saharan Africa (excluding high income),Lower middle income,IDA,Lusaka,28.2937,-15.3982,ZMB
288.0,ZWE,Zimbabwe,Africa,Africa,Sub-Saharan Africa,Sub-Saharan Africa,ZWE,ZW,Zimbabwe,Sub-Saharan Africa ,Sub-Saharan Africa (excluding high income),Lower middle income,Blend,Harare,31.0672,-17.8312,ZWE
289.0,_empty_1,Asia,,,,,_empty_1,,,,,,,,,,
290.0,_empty_2,Asia (excl. China & India),,,,,_empty_2,,,,,,,,,,
291.0,_empty_3,Asia Pacific,,,,,_empty_3,,,,,,,,,,
292.0,_empty_4,CIS,,,,,_empty_4,,,,,,,,,,
293.0,_empty_5,Eastern Africa,,,,,_empty_5,,,,,,,,,,
294.0,_empty_6,Europe (excl. EU-27),,,,,_empty_6,,,,,,,,,,
295.0,_empty_7,Europe (excl. EU-28),,,,,_empty_7,,,,,,,,,,
296.0,_empty_8,European Union (28),,,,,_empty_8,,,,,,,,,,
297.0,_empty_9,French Equatorial Africa,,,,,_empty_9,,,,,,,,,,
298.0,_empty_10,French West Africa,,,,,_empty_10,,,,,,,,,,
299.0,_empty_11,Hawaiian Trade Zone,,,,,_empty_11,,,,,,,,,,
300.0,_empty_12,High-income countries,,,,,_empty_12,,,,,,,,,,
301.0,_empty_13,International,,,,,_empty_13,,,,,,,,,,
302.0,_empty_14,International transport,,,,,_empty_14,,,,,,,,,,
303.0,_empty_15,Kuwaiti Oil Fires,,,,,_empty_15,,,,,,,,,,
304.0,_empty_16,Leeward Islands,,,,,_empty_16,,,,,,,,,,
305.0,_empty_17,Lower-middle-income countries,,,,,_empty_17,,,,,,,,,,
306.0,_empty_18,Low-income countries,,,,,_empty_18,,,,,,,,,,
307.0,_empty_19,Middle Africa,,,,,_empty_19,,,,,,,,,,
308.0,_empty_20,Middle East,,,,,_empty_20,,,,,,,,,,
309.0,_empty_21,Non-OECD,,,,,_empty_21,,,,,,,,,,
310.0,_empty_22,North America,,,,,_empty_22,,,,,,,,,,
311.0,_empty_23,North America (excl. USA),,,,,_empty_23,,,,,,,,,,
312.0,_empty_24,Oceania,,,,,_empty_24,,,,,,,,,,
313.0,_empty_25,OECD,,,,,_empty_25,,,,,,,,,,
314.0,_empty_26,Panama Canal Zone,,,,,_empty_26,,,,,,,,,,
315.0,_empty_27,Ryukyu Islands,,,,,_empty_27,,,,,,,,,,
316.0,_empty_28,South America,,,,,_empty_28,,,,,,,,,,
317.0,_empty_29,St. Kitts-Nevis-Anguilla,,,,,_empty_29,,,,,,,,,,
318.0,_empty_30,U.S. Pacific Islands,,,,,_empty_30,,,,,,,,,,
319.0,_empty_31,U.S. Territories,,,,,_empty_31,,,,,,,,,,
320.0,_empty_32,Upper-middle-income countries,,,,,_empty_32,,,,,,,,,,
321.0,_empty_33,Wake Island,,,,,_empty_33,,,,,,,,,,
322.0,_empty_34,Western Africa,,,,,_empty_34,,,,,,,,,,
,AFE,,,,,,,ZH,Africa Eastern and Southern,Aggregates,,Aggregates,Aggregates,,,,AFE
,AFR,,,,,,,A9,Africa,Aggregates,,Aggregates,Aggregates,,,,AFR
,AFW,,,,,,,ZI,Africa Western and Central,Aggregates,,Aggregates,Aggregates,,,,AFW
,ARB,,,,,,,1A,Arab World,Aggregates,,Aggregates,Aggregates,,,,ARB
,BEA,,,,,,,B4,East Asia & Pacific (IBRD-only countries),Aggregates,,Aggregates,Aggregates,,,,BEA
,BEC,,,,,,,B7,Europe & Central Asia (IBRD-only countries),Aggregates,,Aggregates,Aggregates,,,,BEC
,BHI,,,,,,,B1,IBRD countries classified as high income,Aggregates,,Aggregates,Aggregates,,,,BHI
,BLA,,,,,,,B2,Latin America & the Caribbean (IBRD-only countries),Aggregates,,Aggregates,Aggregates,,,,BLA
,BMN,,,,,,,B3,Middle East & North Africa (IBRD-only countries),Aggregates,,Aggregates,Aggregates,,,,BMN
,BSS,,,,,,,B6,Sub-Saharan Africa (IBRD-only countries),Aggregates,,Aggregates,Aggregates,,,,BSS
,CAA,,,,,,,C9,Sub-Saharan Africa (IFC classification),Aggregates,,Aggregates,Aggregates,,,,CAA
,CEA,,,,,,,C4,East Asia and the Pacific (IFC classification),Aggregates,,Aggregates,Aggregates,,,,CEA
,CEB,,,,,,,B8,Central Europe and the Baltics,Aggregates,,Aggregates,Aggregates,,,,CEB
,CEU,,,,,,,C5,Europe and Central Asia (IFC classification),Aggregates,,Aggregates,Aggregates,,,,CEU
,CHI,,,,,,,JG,Channel Islands,Europe & Central Asia,,High income,Not classified,,,,CHI
,CLA,,,,,,,C6,Latin America and the Caribbean (IFC classification),Aggregates,,Aggregates,Aggregates,,,,CLA
,CME,,,,,,,C7,Middle East and North Africa (IFC classification),Aggregates,,Aggregates,Aggregates,,,,CME
,CSA,,,,,,,C8,South Asia (IFC classification),Aggregates,,Aggregates,Aggregates,,,,CSA
,CSS,,,,,,,S3,Caribbean small states,Aggregates,,Aggregates,Aggregates,,,,CSS
,DEA,,,,,,,D4,East Asia & Pacific (IDA-eligible countries),Aggregates,,Aggregates,Aggregates,,,,DEA
,DEC,,,,,,,D7,Europe & Central Asia (IDA-eligible countries),Aggregates,,Aggregates,Aggregates,,,,DEC
,DFS,,,,,,,D8,IDA countries classified as Fragile Situations,Aggregates,,Aggregates,Aggregates,,,,DFS
,DLA,,,,,,,D2,Latin America & the Caribbean (IDA-eligible countries),Aggregates,,Aggregates,Aggregates,,,,DLA
,DMN,,,,,,,D3,Middle East & North Africa (IDA-eligible countries),Aggregates,,Aggregates,Aggregates,,,,DMN
,DNF,,,,,,,D9,IDA countries not classified as Fragile Situations,Aggregates,,Aggregates,Aggregates,,,,DNF
,DNS,,,,,,,N6,IDA countries in Sub-Saharan Africa not classified as fragile situations ,Aggregates,,Aggregates,Aggregates,,,,DNS
,DSA,,,,,,,D5,South Asia (IDA-eligible countries),Aggregates,,Aggregates,Aggregates,,,,DSA
,DSF,,,,,,,F6,IDA countries in Sub-Saharan Africa classified as fragile situations ,Aggregates,,Aggregates,Aggregates,,,,DSF
,DSS,,,,,,,D6,Sub-Saharan Africa (IDA-eligible countries),Aggregates,,Aggregates,Aggregates,,,,DSS
,EAP,,,,,,,4E,East Asia & Pacific (excluding high income),Aggregates,,Aggregates,Aggregates,,,,EAP
,EAR,,,,,,,V2,Early-demographic dividend,Aggregates,,Aggregates,Aggregates,,,,EAR
,EAS,,,,,,,Z4,East Asia & Pacific,Aggregates,,Aggregates,Aggregates,,,,EAS
,ECA,,,,,,,7E,Europe & Central Asia (excluding high income),Aggregates,,Aggregates,Aggregates,,,,ECA
,ECS,,,,,,,Z7,Europe & Central Asia,Aggregates,,Aggregates,Aggregates,,,,ECS
,EMU,,,,,,,XC,Euro area,Aggregates,,Aggregates,Aggregates,,,,EMU
,EUU,,,,,,,EU,European Union,Aggregates,,Aggregates,Aggregates,,,,EUU
,FCS,,,,,,,F1,Fragile and conflict affected situations,Aggregates,,Aggregates,Aggregates,,,,FCS
,FXS,,,,,,,6F,"IDA countries classified as fragile situations, excluding Sub-Saharan Africa",Aggregates,,Aggregates,Aggregates,,,,FXS
,HIC,,,,,,,XD,High income,Aggregates,,Aggregates,Aggregates,,,,HIC
,HPC,,,,,,,XE,Heavily indebted poor countries (HIPC),Aggregates,,Aggregates,Aggregates,,,,HPC
,IBB,,,,,,,ZB,"IBRD, including blend",Aggregates,,Aggregates,Aggregates,,,,IBB
,IBD,,,,,,,XF,IBRD only,Aggregates,,Aggregates,Aggregates,,,,IBD
,IBT,,,,,,,ZT,IDA & IBRD total,Aggregates,,Aggregates,Aggregates,,,,IBT
,IDA,,,,,,,XG,IDA total,Aggregates,,Aggregates,Aggregates,,,,IDA
,IDB,,,,,,,XH,IDA blend,Aggregates,,Aggregates,Aggregates,,,,IDB
,IDX,,,,,,,XI,IDA only,Aggregates,,Aggregates,Aggregates,,,,IDX
,INX,,,,,,,XY,Not classified,Aggregates,,Aggregates,Aggregates,,,,INX
,LAC,,,,,,,XJ,Latin America & Caribbean (excluding high income),Aggregates,,Aggregates,Aggregates,,,,LAC
,LCN,,,,,,,ZJ,Latin America & Caribbean ,Aggregates,,Aggregates,Aggregates,,,,LCN
,LDC,,,,,,,XL,Least developed countries: UN classification,Aggregates,,Aggregates,Aggregates,,,,LDC
,LIC,,,,,,,XM,Low income,Aggregates,,Aggregates,Aggregates,,,,LIC
,LMC,,,,,,,XN,Lower middle income,Aggregates,,Aggregates,Aggregates,,,,LMC
,LMY,,,,,,,XO,Low & middle income,Aggregates,,Aggregates,Aggregates,,,,LMY
,LTE,,,,,,,V3,Late-demographic dividend,Aggregates,,Aggregates,Aggregates,,,,LTE
,MDE,,,,,,,M1,Middle East (developing only),Aggregates,,Aggregates,Aggregates,,,,MDE
,MEA,,,,,,,ZQ,Middle East & North Africa,Aggregates,,Aggregates,Aggregates,,,,MEA
,MIC,,,,,,,XP,Middle income,Aggregates,,Aggregates,Aggregates,,,,MIC
,MNA,,,,,,,XQ,Middle East & North Africa (excluding high income),Aggregates,,Aggregates,Aggregates,,,,MNA
,NAC,,,,,,,XU,North America,Aggregates,,Aggregates,Aggregates,,,,NAC
,NAF,,,,,,,M2,North Africa,Aggregates,,Aggregates,Aggregates,,,,NAF
,NRS,,,,,,,6X,Non-resource rich Sub-Saharan Africa countries,Aggregates,,Aggregates,Aggregates,,,,NRS
,NXS,,,,,,,6N,"IDA countries not classified as fragile situations, excluding Sub-Saharan Africa",Aggregates,,Aggregates,Aggregates,,,,NXS
,OED,,,,,,,OE,OECD members,Aggregates,,Aggregates,Aggregates,,,,OED
,OSS,,,,,,,S4,Other small states,Aggregates,,Aggregates,Aggregates,,,,OSS
,PRE,,,,,,,V1,Pre-demographic dividend,Aggregates,,Aggregates,Aggregates,,,,PRE
,PSS,,,,,,,S2,Pacific island small states,Aggregates,,Aggregates,Aggregates,,,,PSS
,PST,,,,,,,V4,Post-demographic dividend,Aggregates,,Aggregates,Aggregates,,,,PST
,RRS,,,,,,,R6,Resource rich Sub-Saharan Africa countries,Aggregates,,Aggregates,Aggregates,,,,RRS
,SAS,,,,,,,8S,South Asia,Aggregates,,Aggregates,Aggregates,,,,SAS
,SSA,,,,,,,ZF,Sub-Saharan Africa (excluding high income),Aggregates,,Aggregates,Aggregates,,,,SSA
,SSF,,,,,,,ZG,Sub-Saharan Africa ,Aggregates,,Aggregates,Aggregates,,,,SSF
,SST,,,,,,,S1,Small states,Aggregates,,Aggregates,Aggregates,,,,SST
,SXZ,,,,,,,A4,Sub-Saharan Africa excluding South Africa,Aggregates,,Aggregates,Aggregates,,,,SXZ
,TEA,,,,,,,T4,East Asia & Pacific (IDA & IBRD countries),Aggregates,,Aggregates,Aggregates,,,,TEA
,TEC,,,,,,,T7,Europe & Central Asia (IDA & IBRD countries),Aggregates,,Aggregates,Aggregates,,,,TEC
,TLA,,,,,,,T2,Latin America & the Caribbean (IDA & IBRD countries),Aggregates,,Aggregates,Aggregates,,,,TLA
,TMN,,,,,,,T3,Middle East & North Africa (IDA & IBRD countries),Aggregates,,Aggregates,Aggregates,,,,TMN
,TSA,,,,,,,T5,South Asia (IDA & IBRD),Aggregates,,Aggregates,Aggregates,,,,TSA
,TSS,,,,,,,T6,Sub-Saharan Africa (IDA & IBRD countries),Aggregates,,Aggregates,Aggregates,,,,TSS
,UMC,,,,,,,XT,Upper middle income,Aggregates,,Aggregates,Aggregates,,,,UMC
,WLD,,,,,,,1W,World,Aggregates,,Aggregates,Aggregates,,,,WLD
,XKX,,,,,,,XK,Kosovo,Europe & Central Asia,Europe & Central Asia (excluding high income),Upper middle income,IDA,Pristina,20.926,42.565,XKX
,XZN,,,,,,,A5,Sub-Saharan Africa excluding South Africa and Nigeria,Aggregates,,Aggregates,Aggregates,,,,XZN
