Code,Entity Name,Entity,Continent,WHO region,World Region according to the World Bank,world-regions-according-to-the-united-nations,OWID,WB,iso2Code3,name,region,adminregion,incomeLevel,lendingType,capitalCity,longitude,latitude
ABW,Aruba,Aruba,North America,,Latin America and Caribbean,Latin America and Caribbean,ABW,ABW,AW,Aruba,Latin America & Caribbean ,,High income,Not classified,Oranjestad,-70.0167,12.5167
AFG,Afghanistan,Afghanistan,Asia,Eastern Mediterranean,South Asia,Central and Southern Asia,AFG,AFG,AF,Afghanistan,South Asia,South Asia,Low income,IDA,Kabul,69.1761,34.5228
AGO,Angola,Angola,Africa,Africa,Sub-Saharan Africa,Sub-Saharan Africa,AGO,AGO,AO,Angola,Sub-Saharan Africa ,Sub-Saharan Africa (excluding high income),Lower middle income,IBRD,Luanda,13.242,-8.81155
AIA,Anguilla,Anguilla,North America,,,Latin America and Caribbean,AIA,,,,,,,,,,
ALA,Aland Islands,Aland Islands,Europe,,,Europe and Northern America,ALA,,,,,,,,,,
ALB,Albania,Albania,Europe,Europe,Europe and Central Asia,Europe and Northern America,ALB,ALB,AL,Albania,Europe & Central Asia,Europe & Central Asia (excluding high income),Upper middle income,IBRD,Tirane,19.8172,41.3317
AND,Andorra,Andorra,Europe,Europe,Europe and Central Asia,Europe and Northern America,AND,AND,AD,Andorra,Europe & Central Asia,,High income,Not classified,Andorra la Vella,1.5218,42.5075
ANT,Netherlands Antilles,Netherlands Antilles,North America,,,,ANT,,,,,,,,,,
ARE,United Arab Emirates,United Arab Emirates,Asia,Eastern Mediterranean,Middle East and North Africa,Northern Africa and Western Asia,ARE,ARE,AE,United Arab Emirates,Middle East & North Africa,,High income,Not classified,Abu Dhabi,54.3705,24.4764
ARG,Argentina,Argentina,South America,Americas,Latin America and Caribbean,Latin America and Caribbean,ARG,ARG,AR,Argentina,Latin America & Caribbean ,Latin America & Caribbean (excluding high income),Upper middle income,IBRD,Buenos Aires,-58.4173,-34.6118
ARM,Armenia,Armenia,Asia,Europe,Europe and Central Asia,Northern Africa and Western Asia,ARM,ARM,AM,Armenia,Europe & Central Asia,Europe & Central Asia (excluding high income),Upper middle income,IBRD,Yerevan,44.509,40.1596
ASM,American Samoa,American Samoa,Oceania,,East Asia and Pacific,Oceania,ASM,ASM,AS,American Samoa,East Asia & Pacific,East Asia & Pacific (excluding high income),Upper middle income,Not classified,Pago Pago,-170.691,-14.2846
ATA,Antarctica,Antarctica,Antarctica,,,,ATA,,,,,,,,,,
ATF,French Southern Territories,French Southern Territories,Antarctica,,,,ATF,,,,,,,,,,
ATG,Antigua and Barbuda,Antigua and Barbuda,North America,Americas,Latin America and Caribbean,Latin America and Caribbean,ATG,ATG,AG,Antigua and Barbuda,Latin America & Caribbean ,,High income,IBRD,Saint John's,-61.8456,17.1175
AUS,Australia,Australia,Oceania,Western Pacific,East Asia and Pacific,Oceania,AUS,AUS,AU,Australia,East Asia & Pacific,,High income,Not classified,Canberra,149.129,-35.282
AUT,Austria,Austria,Europe,Europe,Europe and Central Asia,Europe and Northern America,AUT,AUT,AT,Austria,Europe & Central Asia,,High income,Not classified,Vienna,16.3798,48.2201
AZE,Azerbaijan,Azerbaijan,Asia,Europe,Europe and Central Asia,Northern Africa and Western Asia,AZE,AZE,AZ,Azerbaijan,Europe & Central Asia,Europe & Central Asia (excluding high income),Upper middle income,IBRD,Baku,49.8932,40.3834
BDI,Burundi,Burundi,Africa,Africa,Sub-Saharan Africa,Sub-Saharan Africa,BDI,BDI,BI,Burundi,Sub-Saharan Africa ,Sub-Saharan Africa (excluding high income),Low income,IDA,Bujumbura,29.3639,-3.3784
BEL,Belgium,Belgium,Europe,Europe,Europe and Central Asia,Europe and Northern America,BEL,BEL,BE,Belgium,Europe & Central Asia,,High income,Not classified,Brussels,4.36761,50.8371
BEN,Benin,Benin,Africa,Africa,Sub-Saharan Africa,Sub-Saharan Africa,BEN,BEN,BJ,Benin,Sub-Saharan Africa ,Sub-Saharan Africa (excluding high income),Lower middle income,IDA,Porto-Novo,2.6323,6.4779
BES,Bonaire Sint Eustatius and Saba,Bonaire Sint Eustatius and Saba,North America,,,Latin America and Caribbean,BES,,,,,,,,,,
BFA,Burkina Faso,Burkina Faso,Africa,Africa,Sub-Saharan Africa,Sub-Saharan Africa,BFA,BFA,BF,Burkina Faso,Sub-Saharan Africa ,Sub-Saharan Africa (excluding high income),Low income,IDA,Ouagadougou,-1.53395,12.3605
BGD,Bangladesh,Bangladesh,Asia,South-East Asia,South Asia,Central and Southern Asia,BGD,BGD,BD,Bangladesh,South Asia,South Asia,Lower middle income,IDA,Dhaka,90.4113,23.7055
BGR,Bulgaria,Bulgaria,Europe,Europe,Europe and Central Asia,Europe and Northern America,BGR,BGR,BG,Bulgaria,Europe & Central Asia,Europe & Central Asia (excluding high income),Upper middle income,IBRD,Sofia,23.3238,42.7105
BHR,Bahrain,Bahrain,Asia,Eastern Mediterranean,Middle East and North Africa,Northern Africa and Western Asia,BHR,BHR,BH,Bahrain,Middle East & North Africa,,High income,Not classified,Manama,50.5354,26.1921
BHS,"Bahamas, The",Bahamas,North America,Americas,Latin America and Caribbean,Latin America and Caribbean,BHS,BHS,BS,"Bahamas, The",Latin America & Caribbean ,,High income,Not classified,Nassau,-77.339,25.0661
BIH,Bosnia and Herzegovina,Bosnia and Herzegovina,Europe,Europe,Europe and Central Asia,Europe and Northern America,BIH,BIH,BA,Bosnia and Herzegovina,Europe & Central Asia,Europe & Central Asia (excluding high income),Upper middle income,IBRD,Sarajevo,18.4214,43.8607
BLM,Saint BarthÃ©lemy,Saint BarthÃ©lemy,North America,,,,BLM,,,,,,,,,,
BLR,Belarus,Belarus,Europe,Europe,Europe and Central Asia,Europe and Northern America,BLR,BLR,BY,Belarus,Europe & Central Asia,Europe & Central Asia (excluding high income),Upper middle income,IBRD,Minsk,27.5766,53.9678
BLZ,Belize,Belize,North America,Americas,Latin America and Caribbean,Latin America and Caribbean,BLZ,BLZ,BZ,Belize,Latin America & Caribbean ,Latin America & Caribbean (excluding high income),Lower middle income,IBRD,Belmopan,-88.7713,17.2534
BMU,Bermuda,Bermuda,North America,,North America,Europe and Northern America,BMU,BMU,BM,Bermuda,North America,,High income,Not classified,Hamilton,-64.706,32.3293
BOL,Bolivia,Bolivia,South America,Americas,Latin America and Caribbean,Latin America and Caribbean,BOL,BOL,BO,Bolivia,Latin America & Caribbean ,Latin America & Caribbean (excluding high income),Lower middle income,IBRD,La Paz,-66.1936,-13.9908
BRA,Brazil,Brazil,South America,Americas,Latin America and Caribbean,Latin America and Caribbean,BRA,BRA,BR,Brazil,Latin America & Caribbean ,Latin America & Caribbean (excluding high income),Upper middle income,IBRD,Brasilia,-47.9292,-15.7801
BRB,Barbados,Barbados,North America,Americas,Latin America and Caribbean,Latin America and Caribbean,BRB,BRB,BB,Barbados,Latin America & Caribbean ,,High income,Not classified,Bridgetown,-59.6105,13.0935
BRN,Brunei Darussalam,Brunei,Asia,Western Pacific,East Asia and Pacific,Eastern and South-Eastern Asia,BRN,BRN,BN,Brunei Darussalam,East Asia & Pacific,,High income,Not classified,Bandar Seri Begawan,114.946,4.94199
BTN,Bhutan,Bhutan,Asia,South-East Asia,South Asia,Central and Southern Asia,BTN,BTN,BT,Bhutan,South Asia,South Asia,Lower middle income,IDA,Thimphu,89.6177,27.5768
BVT,Bouvet Island,Bouvet Island,Antarctica,,,,BVT,,,,,,,,,,
BWA,Botswana,Botswana,Africa,Africa,Sub-Saharan Africa,Sub-Saharan Africa,BWA,BWA,BW,Botswana,Sub-Saharan Africa ,Sub-Saharan Africa (excluding high income),Upper middle income,IBRD,Gaborone,25.9201,-24.6544
CAF,Central African Republic,Central African Republic,Africa,Africa,Sub-Saharan Africa,Sub-Saharan Africa,CAF,CAF,CF,Central African Republic,Sub-Saharan Africa ,Sub-Saharan Africa (excluding high income),Low income,IDA,Bangui,21.6407,5.63056
CAN,Canada,Canada,North America,Americas,North America,Europe and Northern America,CAN,CAN,CA,Canada,North America,,High income,Not classified,Ottawa,-75.6919,45.4215
CCK,Cocos (Keeling) Islands,Cocos (Keeling) Islands,Asia,,,Oceania,CCK,,,,,,,,,,
CHE,Switzerland,Switzerland,Europe,Europe,Europe and Central Asia,Europe and Northern America,CHE,CHE,CH,Switzerland,Europe & Central Asia,,High income,Not classified,Bern,7.44821,46.948
CHL,Chile,Chile,South America,Americas,Latin America and Caribbean,Latin America and Caribbean,CHL,CHL,CL,Chile,Latin America & Caribbean ,,High income,IBRD,Santiago,-70.6475,-33.475
CHN,China,China,Asia,Western Pacific,East Asia and Pacific,Eastern and South-Eastern Asia,CHN,CHN,CN,China,East Asia & Pacific,East Asia & Pacific (excluding high income),Upper middle income,IBRD,Beijing,116.286,40.0495
CIV,Cote d'Ivoire,Cote d'Ivoire,Africa,Africa,Sub-Saharan Africa,Sub-Saharan Africa,CIV,CIV,CI,Cote d'Ivoire,Sub-Saharan Africa ,Sub-Saharan Africa (excluding high income),Lower middle income,IDA,Yamoussoukro,-4.0305,5.332
CMR,Cameroon,Cameroon,Africa,Africa,Sub-Saharan Africa,Sub-Saharan Africa,CMR,CMR,CM,Cameroon,Sub-Saharan Africa ,Sub-Saharan Africa (excluding high income),Lower middle income,Blend,Yaounde,11.5174,3.8721
COD,"Congo, Dem. Rep.",Democratic Republic of Congo,Africa,Africa,Sub-Saharan Africa,Sub-Saharan Africa,COD,COD,CD,"Congo, Dem. Rep.",Sub-Saharan Africa ,Sub-Saharan Africa (excluding high income),Low income,IDA,Kinshasa,15.3222,-4.325
COG,"Congo, Rep.",Congo,Africa,Africa,Sub-Saharan Africa,Sub-Saharan Africa,COG,COG,CG,"Congo, Rep.",Sub-Saharan Africa ,Sub-Saharan Africa (excluding high income),Lower middle income,Blend,Brazzaville,15.2662,-4.2767
COK,Cook Islands,Cook Islands,Oceania,Western Pacific,,Oceania,COK,,,,,,,,,,
COL,Colombia,Colombia,South America,Americas,Latin America and Caribbean,Latin America and Caribbean,COL,COL,CO,Colombia,Latin America & Caribbean ,Latin America & Caribbean (excluding high income),Upper middle income,IBRD,Bogota,-74.082,4.60987
COM,Comoros,Comoros,Africa,Africa,Sub-Saharan Africa,Sub-Saharan Africa,COM,COM,KM,Comoros,Sub-Saharan Africa ,Sub-Saharan Africa (excluding high income),Lower middle income,IDA,Moroni,43.2418,-11.6986
CPV,Cabo Verde,Cape Verde,Africa,Africa,Sub-Saharan Africa,Sub-Saharan Africa,CPV,CPV,CV,Cabo Verde,Sub-Saharan Africa ,Sub-Saharan Africa (excluding high income),Lower middle income,Blend,Praia,-23.5087,14.9218
CRI,Costa Rica,Costa Rica,North America,Americas,Latin America and Caribbean,Latin America and Caribbean,CRI,CRI,CR,Costa Rica,Latin America & Caribbean ,Latin America & Caribbean (excluding high income),Upper middle income,IBRD,San Jose,-84.0089,9.63701
CUB,Cuba,Cuba,North America,Americas,Latin America and Caribbean,Latin America and Caribbean,CUB,CUB,CU,Cuba,Latin America & Caribbean ,Latin America & Caribbean (excluding high income),Upper middle income,Not classified,Havana,-82.3667,23.1333
CUW,Curacao,Curacao,North America,,Latin America and Caribbean,Latin America and Caribbean,CUW,CUW,CW,Curacao,Latin America & Caribbean ,,High income,Not classified,Willemstad,,
CXR,Christmas Island,Christmas Island,Asia,,,Oceania,CXR,,,,,,,,,,
CYM,Cayman Islands,Cayman Islands,North America,,Latin America and Caribbean,Latin America and Caribbean,CYM,CYM,KY,Cayman Islands,Latin America & Caribbean ,,High income,Not classified,George Town,-81.3857,19.3022
CYP,Cyprus,Cyprus,Europe,Europe,Europe and Central Asia,Northern Africa and Western Asia,CYP,CYP,CY,Cyprus,Europe & Central Asia,,High income,Not classified,Nicosia,33.3736,35.1676
CZE,Czech Republic,Czechia,Europe,Europe,Europe and Central Asia,Europe and Northern America,CZE,CZE,CZ,Czech Republic,Europe & Central Asia,,High income,Not classified,Prague,14.4205,50.0878
DEU,Germany,Germany,Europe,Europe,Europe and Central Asia,Europe and Northern America,DEU,DEU,DE,Germany,Europe & Central Asia,,High income,Not classified,Berlin,13.4115,52.5235
DJI,Djibouti,Djibouti,Africa,Eastern Mediterranean,Middle East and North Africa,Middle East and North Africa,DJI,DJI,DJ,Djibouti,Middle East & North Africa,Middle East & North Africa (excluding high income),Lower middle income,IDA,Djibouti,43.1425,11.5806
DMA,Dominica,Dominica,North America,Americas,Latin America and Caribbean,Latin America and Caribbean,DMA,DMA,DM,Dominica,Latin America & Caribbean ,Latin America & Caribbean (excluding high income),Upper middle income,Blend,Roseau,-61.39,15.2976
DNK,Denmark,Denmark,Europe,Europe,Europe and Central Asia,Europe and Northern America,DNK,DNK,DK,Denmark,Europe & Central Asia,,High income,Not classified,Copenhagen,12.5681,55.6763
DOM,Dominican Republic,Dominican Republic,North America,Americas,Latin America and Caribbean,Latin America and Caribbean,DOM,DOM,DO,Dominican Republic,Latin America & Caribbean ,Latin America & Caribbean (excluding high income),Upper middle income,IBRD,Santo Domingo,-69.8908,18.479
DZA,Algeria,Algeria,Africa,Africa,Middle East and North Africa,Northern Africa and Western Asia,DZA,DZA,DZ,Algeria,Middle East & North Africa,Middle East & North Africa (excluding high income),Lower middle income,IBRD,Algiers,3.05097,36.7397
ECU,Ecuador,Ecuador,South America,Americas,Latin America and Caribbean,Latin America and Caribbean,ECU,ECU,EC,Ecuador,Latin America & Caribbean ,Latin America & Caribbean (excluding high income),Upper middle income,IBRD,Quito,-78.5243,-0.229498
EGY,"Egypt, Arab Rep.",Egypt,Africa,Eastern Mediterranean,Middle East and North Africa,Northern Africa and Western Asia,EGY,EGY,EG,"Egypt, Arab Rep.",Middle East & North Africa,Middle East & North Africa (excluding high income),Lower middle income,IBRD,Cairo,31.2461,30.0982
ERI,Eritrea,Eritrea,Africa,Africa,Sub-Saharan Africa,Sub-Saharan Africa,ERI,ERI,ER,Eritrea,Sub-Saharan Africa ,Sub-Saharan Africa (excluding high income),Low income,IDA,Asmara,38.9183,15.3315
ESH,Western Sahara,Western Sahara,Africa,,,Northern Africa and Western Asia,ESH,,,,,,,,,,
ESP,Spain,Spain,Europe,Europe,Europe and Central Asia,Europe and Northern America,ESP,ESP,ES,Spain,Europe & Central Asia,,High income,Not classified,Madrid,-3.70327,40.4167
EST,Estonia,Estonia,Europe,Europe,Europe and Central Asia,Europe and Northern America,EST,EST,EE,Estonia,Europe & Central Asia,,High income,Not classified,Tallinn,24.7586,59.4392
ETH,Ethiopia,Ethiopia,Africa,Africa,Sub-Saharan Africa,Sub-Saharan Africa,ETH,ETH,ET,Ethiopia,Sub-Saharan Africa ,Sub-Saharan Africa (excluding high income),Low income,IDA,Addis Ababa,38.7468,9.02274
FIN,Finland,Finland,Europe,Europe,Europe and Central Asia,Europe and Northern America,FIN,FIN,FI,Finland,Europe & Central Asia,,High income,Not classified,Helsinki,24.9525,60.1608
FJI,Fiji,Fiji,Oceania,Western Pacific,East Asia and Pacific,Oceania,FJI,FJI,FJ,Fiji,East Asia & Pacific,East Asia & Pacific (excluding high income),Upper middle income,Blend,Suva,178.399,-18.1149
FLK,Falkland Islands,Falkland Islands,South America,,,Latin America and Caribbean,FLK,,,,,,,,,,
FRA,France,France,Europe,Europe,Europe and Central Asia,Europe and Northern America,FRA,FRA,FR,France,Europe & Central Asia,,High income,Not classified,Paris,2.35097,48.8566
FRO,Faroe Islands,Faeroe Islands,Europe,,Europe and Central Asia,Europe and Northern America,FRO,FRO,FO,Faroe Islands,Europe & Central Asia,,High income,Not classified,Torshavn,-6.91181,61.8926
FSM,"Micronesia, Fed. Sts.",Micronesia,Oceania,Western Pacific,East Asia and Pacific,Oceania,FSM,FSM,FM,"Micronesia, Fed. Sts.",East Asia & Pacific,East Asia & Pacific (excluding high income),Lower middle income,IDA,Palikir,158.185,6.91771
GAB,Gabon,Gabon,Africa,Africa,Sub-Saharan Africa,Sub-Saharan Africa,GAB,GAB,GA,Gabon,Sub-Saharan Africa ,Sub-Saharan Africa (excluding high income),Upper middle income,IBRD,Libreville,9.45162,0.38832
GBR,United Kingdom,United Kingdom,Europe,Europe,Europe and Central Asia,Europe and Northern America,GBR,GBR,GB,United Kingdom,Europe & Central Asia,,High income,Not classified,London,-0.126236,51.5002
GEO,Georgia,Georgia,Asia,Europe,Europe and Central Asia,Northern Africa and Western Asia,GEO,GEO,GE,Georgia,Europe & Central Asia,Europe & Central Asia (excluding high income),Upper middle income,IBRD,Tbilisi,44.793,41.71
GGY,Guernsey,Guernsey,Europe,,,,GGY,,,,,,,,,,
GHA,Ghana,Ghana,Africa,Africa,Sub-Saharan Africa,Sub-Saharan Africa,GHA,GHA,GH,Ghana,Sub-Saharan Africa ,Sub-Saharan Africa (excluding high income),Lower middle income,IDA,Accra,-0.20795,5.57045
GIB,Gibraltar,Gibraltar,Europe,,Europe and Central Asia,Europe and Northern America,GIB,GIB,GI,Gibraltar,Europe & Central Asia,,High income,Not classified,,,
GIN,Guinea,Guinea,Africa,Africa,Sub-Saharan Africa,Sub-Saharan Africa,GIN,GIN,GN,Guinea,Sub-Saharan Africa ,Sub-Saharan Africa (excluding high income),Low income,IDA,Conakry,-13.7,9.51667
GLP,Guadeloupe,Guadeloupe,North America,,,Latin America and Caribbean,GLP,,,,,,,,,,
GMB,"Gambia, The",Gambia,Africa,Africa,Sub-Saharan Africa,Sub-Saharan Africa,GMB,GMB,GM,"Gambia, The",Sub-Saharan Africa ,Sub-Saharan Africa (excluding high income),Low income,IDA,Banjul,-16.5885,13.4495
GNB,Guinea-Bissau,Guinea-Bissau,Africa,Africa,Sub-Saharan Africa,Sub-Saharan Africa,GNB,GNB,GW,Guinea-Bissau,Sub-Saharan Africa ,Sub-Saharan Africa (excluding high income),Low income,IDA,Bissau,-15.1804,11.8037
GNQ,Equatorial Guinea,Equatorial Guinea,Africa,Africa,Sub-Saharan Africa,Sub-Saharan Africa,GNQ,GNQ,GQ,Equatorial Guinea,Sub-Saharan Africa ,Sub-Saharan Africa (excluding high income),Upper middle income,IBRD,Malabo,8.7741,3.7523
GRC,Greece,Greece,Europe,Europe,Europe and Central Asia,Europe and Northern America,GRC,GRC,GR,Greece,Europe & Central Asia,,High income,Not classified,Athens,23.7166,37.9792
GRD,Grenada,Grenada,North America,Americas,Latin America and Caribbean,Latin America and Caribbean,GRD,GRD,GD,Grenada,Latin America & Caribbean ,Latin America & Caribbean (excluding high income),Upper middle income,Blend,Saint George's,-61.7449,12.0653
GRL,Greenland,Greenland,North America,,Europe and Central Asia,Europe and Northern America,GRL,GRL,GL,Greenland,Europe & Central Asia,,High income,Not classified,Nuuk,-51.7214,64.1836
GTM,Guatemala,Guatemala,North America,Americas,Latin America and Caribbean,Latin America and Caribbean,GTM,GTM,GT,Guatemala,Latin America & Caribbean ,Latin America & Caribbean (excluding high income),Upper middle income,IBRD,Guatemala City,-90.5328,14.6248
GUF,French Guiana,French Guiana,South America,,,Latin America and Caribbean,GUF,,,,,,,,,,
GUM,Guam,Guam,Oceania,,East Asia and Pacific,Oceania,GUM,GUM,GU,Guam,East Asia & Pacific,,High income,Not classified,Agana,144.794,13.4443
GUY,Guyana,Guyana,South America,Americas,Latin America and Caribbean,Latin America and Caribbean,GUY,GUY,GY,Guyana,Latin America & Caribbean ,Latin America & Caribbean (excluding high income),Upper middle income,IDA,Georgetown,-58.1548,6.80461
HKG,"Hong Kong SAR, China",Hong Kong,Asia,,East Asia and Pacific,Eastern and South-Eastern Asia,HKG,HKG,HK,"Hong Kong SAR, China",East Asia & Pacific,,High income,Not classified,,114.109,22.3964
HMD,Heard Island and McDonald Islands,Heard Island and McDonald Islands,Antarctica,,,Oceania,HMD,,,,,,,,,,
HND,Honduras,Honduras,North America,Americas,Latin America and Caribbean,Latin America and Caribbean,HND,HND,HN,Honduras,Latin America & Caribbean ,Latin America & Caribbean (excluding high income),Lower middle income,IDA,Tegucigalpa,-87.4667,15.1333
HRV,Croatia,Croatia,Europe,Europe,Europe and Central Asia,Europe and Northern America,HRV,HRV,HR,Croatia,Europe & Central Asia,,High income,IBRD,Zagreb,15.9614,45.8069
HTI,Haiti,Haiti,North America,Americas,Latin America and Caribbean,Latin America and Caribbean,HTI,HTI,HT,Haiti,Latin America & Caribbean ,Latin America & Caribbean (excluding high income),Lower middle income,IDA,Port-au-Prince,-72.3288,18.5392
HUN,Hungary,Hungary,Europe,Europe,Europe and Central Asia,Europe and Northern America,HUN,HUN,HU,Hungary,Europe & Central Asia,,High income,Not classified,Budapest,19.0408,47.4984
IDN,Indonesia,Indonesia,Asia,South-East Asia,East Asia and Pacific,Eastern and South-Eastern Asia,IDN,IDN,ID,Indonesia,East Asia & Pacific,East Asia & Pacific (excluding high income),Lower middle income,IBRD,Jakarta,106.83,-6.19752
IMN,Isle of Man,Isle of Man,Europe,,Europe and Central Asia,Europe and Northern America,IMN,IMN,IM,Isle of Man,Europe & Central Asia,,High income,Not classified,Douglas,-4.47928,54.1509
IND,India,India,Asia,South-East Asia,South Asia,Central and Southern Asia,IND,IND,IN,India,South Asia,South Asia,Lower middle income,IBRD,New Delhi,77.225,28.6353
IOT,British Indian Ocean Territory,British Indian Ocean Territory,Asia,,,,IOT,,,,,,,,,,
IRL,Ireland,Ireland,Europe,Europe,Europe and Central Asia,Europe and Northern America,IRL,IRL,IE,Ireland,Europe & Central Asia,,High income,Not classified,Dublin,-6.26749,53.3441
IRN,"Iran, Islamic Rep.",Iran,Asia,Eastern Mediterranean,Middle East and North Africa,Central and Southern Asia,IRN,IRN,IR,"Iran, Islamic Rep.",Middle East & North Africa,Middle East & North Africa (excluding high income),Lower middle income,IBRD,Tehran,51.4447,35.6878
IRQ,Iraq,Iraq,Asia,Eastern Mediterranean,Middle East and North Africa,Northern Africa and Western Asia,IRQ,IRQ,IQ,Iraq,Middle East & North Africa,Middle East & North Africa (excluding high income),Upper middle income,IBRD,Baghdad,44.394,33.3302
ISL,Iceland,Iceland,Europe,Europe,Europe and Central Asia,Europe and Northern America,ISL,ISL,IS,Iceland,Europe & Central Asia,,High income,Not classified,Reykjavik,-21.8952,64.1353
ISR,Israel,Israel,Asia,Europe,Middle East and North Africa,Northern Africa and Western Asia,ISR,ISR,IL,Israel,Middle East & North Africa,,High income,Not classified,,35.2035,31.7717
ITA,Italy,Italy,Europe,Europe,Europe and Central Asia,Europe and Northern America,ITA,ITA,IT,Italy,Europe & Central Asia,,High income,Not classified,Rome,12.4823,41.8955
JAM,Jamaica,Jamaica,North America,Americas,Latin America and Caribbean,Latin America and Caribbean,JAM,JAM,JM,Jamaica,Latin America & Caribbean ,Latin America & Caribbean (excluding high income),Upper middle income,IBRD,Kingston,-76.792,17.9927
JEY,Jersey,Jersey,Europe,,,,JEY,,,,,,,,,,
JOR,Jordan,Jordan,Asia,Eastern Mediterranean,Middle East and North Africa,Northern Africa and Western Asia,JOR,JOR,JO,Jordan,Middle East & North Africa,Middle East & North Africa (excluding high income),Upper middle income,IBRD,Amman,35.9263,31.9497
JPN,Japan,Japan,Asia,Western Pacific,East Asia and Pacific,Eastern and South-Eastern Asia,JPN,JPN,JP,Japan,East Asia & Pacific,,High income,Not classified,Tokyo,139.77,35.67
KAZ,Kazakhstan,Kazakhstan,Asia,Europe,Europe and Central Asia,Central and Southern Asia,KAZ,KAZ,KZ,Kazakhstan,Europe & Central Asia,Europe & Central Asia (excluding high income),Upper middle income,IBRD,Astana,71.4382,51.1879
KEN,Kenya,Kenya,Africa,Africa,Sub-Saharan Africa,Sub-Saharan Africa,KEN,KEN,KE,Kenya,Sub-Saharan Africa ,Sub-Saharan Africa (excluding high income),Lower middle income,Blend,Nairobi,36.8126,-1.27975
KGZ,Kyrgyz Republic,Kyrgyzstan,Asia,Europe,Europe and Central Asia,Central and Southern Asia,KGZ,KGZ,KG,Kyrgyz Republic,Europe & Central Asia,Europe & Central Asia (excluding high income),Lower middle income,IDA,Bishkek,74.6057,42.8851
KHM,Cambodia,Cambodia,Asia,Western Pacific,East Asia and Pacific,Eastern and South-Eastern Asia,KHM,KHM,KH,Cambodia,East Asia & Pacific,East Asia & Pacific (excluding high income),Lower middle income,IDA,Phnom Penh,104.874,11.5556
KIR,Kiribati,Kiribati,Oceania,Western Pacific,East Asia and Pacific,Oceania,KIR,KIR,KI,Kiribati,East Asia & Pacific,East Asia & Pacific (excluding high income),Lower middle income,IDA,Tarawa,172.979,1.32905
KNA,St. Kitts and Nevis,Saint Kitts and Nevis,North America,Americas,Latin America and Caribbean,Latin America and Caribbean,KNA,KNA,KN,St. Kitts and Nevis,Latin America & Caribbean ,,High income,IBRD,Basseterre,-62.7309,17.3
KOR,"Korea, Rep.",South Korea,Asia,Western Pacific,East Asia and Pacific,Eastern and South-Eastern Asia,KOR,KOR,KR,"Korea, Rep.",East Asia & Pacific,,High income,Not classified,Seoul,126.957,37.5323
KWT,Kuwait,Kuwait,Asia,Eastern Mediterranean,Middle East and North Africa,Northern Africa and Western Asia,KWT,KWT,KW,Kuwait,Middle East & North Africa,,High income,Not classified,Kuwait City,47.9824,29.3721
LAO,Lao PDR,Laos,Asia,Western Pacific,East Asia and Pacific,Eastern and South-Eastern Asia,LAO,LAO,LA,Lao PDR,East Asia & Pacific,East Asia & Pacific (excluding high income),Lower middle income,IDA,Vientiane,102.177,18.5826
LBN,Lebanon,Lebanon,Asia,Eastern Mediterranean,Middle East and North Africa,Northern Africa and Western Asia,LBN,LBN,LB,Lebanon,Middle East & North Africa,Middle East & North Africa (excluding high income),Upper middle income,IBRD,Beirut,35.5134,33.8872
LBR,Liberia,Liberia,Africa,Africa,Sub-Saharan Africa,Sub-Saharan Africa,LBR,LBR,LR,Liberia,Sub-Saharan Africa ,Sub-Saharan Africa (excluding high income),Low income,IDA,Monrovia,-10.7957,6.30039
LBY,Libya,Libya,Africa,Eastern Mediterranean,Middle East and North Africa,Northern Africa and Western Asia,LBY,LBY,LY,Libya,Middle East & North Africa,Middle East & North Africa (excluding high income),Upper middle income,IBRD,Tripoli,13.1072,32.8578
LCA,St. Lucia,Saint Lucia,North America,Americas,Latin America and Caribbean,Latin America and Caribbean,LCA,LCA,LC,St. Lucia,Latin America & Caribbean ,Latin America & Caribbean (excluding high income),Upper middle income,Blend,Castries,-60.9832,14
LIE,Liechtenstein,Liechtenstein,Europe,,Europe and Central Asia,Europe and Northern America,LIE,LIE,LI,Liechtenstein,Europe & Central Asia,,High income,Not classified,Vaduz,9.52148,47.1411
LKA,Sri Lanka,Sri Lanka,Asia,South-East Asia,South Asia,Central and Southern Asia,LKA,LKA,LK,Sri Lanka,South Asia,South Asia,Lower middle income,IBRD,Colombo,79.8528,6.92148
LSO,Lesotho,Lesotho,Africa,Africa,Sub-Saharan Africa,Sub-Saharan Africa,LSO,LSO,LS,Lesotho,Sub-Saharan Africa ,Sub-Saharan Africa (excluding high income),Lower middle income,IDA,Maseru,27.7167,-29.5208
LTU,Lithuania,Lithuania,Europe,Europe,Europe and Central Asia,Europe and Northern America,LTU,LTU,LT,Lithuania,Europe & Central Asia,,High income,Not classified,Vilnius,25.2799,54.6896
LUX,Luxembourg,Luxembourg,Europe,Europe,Europe and Central Asia,Europe and Northern America,LUX,LUX,LU,Luxembourg,Europe & Central Asia,,High income,Not classified,Luxembourg,6.1296,49.61
LVA,Latvia,Latvia,Europe,Europe,Europe and Central Asia,Europe and Northern America,LVA,LVA,LV,Latvia,Europe & Central Asia,,High income,Not classified,Riga,24.1048,56.9465
MAC,"Macao SAR, China",Macao,Asia,,East Asia and Pacific,Eastern and South-Eastern Asia,MAC,MAC,MO,"Macao SAR, China",East Asia & Pacific,,High income,Not classified,,113.55,22.1667
MAF,St. Martin (French part),Saint Martin (French part),North America,,Latin America and Caribbean,Latin America and Caribbean,MAF,MAF,MF,St. Martin (French part),Latin America & Caribbean ,,High income,Not classified,Marigot,,
MAR,Morocco,Morocco,Africa,Eastern Mediterranean,Middle East and North Africa,Northern Africa and Western Asia,MAR,MAR,MA,Morocco,Middle East & North Africa,Middle East & North Africa (excluding high income),Lower middle income,IBRD,Rabat,-6.8704,33.9905
MCO,Monaco,Monaco,Europe,Europe,Europe and Central Asia,Europe and Northern America,MCO,MCO,MC,Monaco,Europe & Central Asia,,High income,Not classified,Monaco,7.41891,43.7325
MDA,Moldova,Moldova,Europe,Europe,Europe and Central Asia,Europe and Northern America,MDA,MDA,MD,Moldova,Europe & Central Asia,Europe & Central Asia (excluding high income),Upper middle income,IBRD,Chisinau,28.8497,47.0167
MDG,Madagascar,Madagascar,Africa,Africa,Sub-Saharan Africa,Sub-Saharan Africa,MDG,MDG,MG,Madagascar,Sub-Saharan Africa ,Sub-Saharan Africa (excluding high income),Low income,IDA,Antananarivo,45.7167,-20.4667
MDV,Maldives,Maldives,Asia,South-East Asia,South Asia,Central and Southern Asia,MDV,MDV,MV,Maldives,South Asia,South Asia,Upper middle income,IDA,Male,73.5109,4.1742
MEX,Mexico,Mexico,North America,Americas,Latin America and Caribbean,Latin America and Caribbean,MEX,MEX,MX,Mexico,Latin America & Caribbean ,Latin America & Caribbean (excluding high income),Upper middle income,IBRD,Mexico City,-99.1276,19.427
MHL,Marshall Islands,Marshall Islands,Oceania,Western Pacific,East Asia and Pacific,Oceania,MHL,MHL,MH,Marshall Islands,East Asia & Pacific,East Asia & Pacific (excluding high income),Upper middle income,IDA,Majuro,171.135,7.11046
MKD,North Macedonia,North Macedonia,Europe,Europe,Europe and Central Asia,Europe and Northern America,MKD,MKD,MK,North Macedonia,Europe & Central Asia,Europe & Central Asia (excluding high income),Upper middle income,IBRD,Skopje,21.4361,42.0024
MLI,Mali,Mali,Africa,Africa,Sub-Saharan Africa,Sub-Saharan Africa,MLI,MLI,ML,Mali,Sub-Saharan Africa ,Sub-Saharan Africa (excluding high income),Low income,IDA,Bamako,-7.50034,13.5667
MLT,Malta,Malta,Europe,Europe,Middle East and North Africa,Europe and Northern America,MLT,MLT,MT,Malta,Middle East & North Africa,,High income,Not classified,Valletta,14.5189,35.9042
MMR,Myanmar,Myanmar,Asia,South-East Asia,East Asia and Pacific,Eastern and South-Eastern Asia,MMR,MMR,MM,Myanmar,East Asia & Pacific,East Asia & Pacific (excluding high income),Lower middle income,IDA,Naypyidaw,95.9562,21.914
MNE,Montenegro,Montenegro,Europe,Europe,Europe and Central Asia,Europe and Northern America,MNE,MNE,ME,Montenegro,Europe & Central Asia,Europe & Central Asia (excluding high income),Upper middle income,IBRD,Podgorica,19.2595,42.4602
MNG,Mongolia,Mongolia,Asia,Western Pacific,East Asia and Pacific,Eastern and South-Eastern Asia,MNG,MNG,MN,Mongolia,East Asia & Pacific,East Asia & Pacific (excluding high income),Lower middle income,IBRD,Ulaanbaatar,106.937,47.9129
MNP,Northern Mariana Islands,Northern Mariana Islands,Oceania,,East Asia and Pacific,Oceania,MNP,MNP,MP,Northern Mariana Islands,East Asia & Pacific,,High income,Not classified,Saipan,145.765,15.1935
MOZ,Mozambique,Mozambique,Africa,Africa,Sub-Saharan Africa,Sub-Saharan Africa,MOZ,MOZ,MZ,Mozambique,Sub-Saharan Africa ,Sub-Saharan Africa (excluding high income),Low income,IDA,Maputo,32.5713,-25.9664
MRT,Mauritania,Mauritania,Africa,Africa,Sub-Saharan Africa,Sub-Saharan Africa,MRT,MRT,MR,Mauritania,Sub-Saharan Africa ,Sub-Saharan Africa (excluding high income),Lower middle income,IDA,Nouakchott,-15.9824,18.2367
MSR,Montserrat,Montserrat,North America,,,Latin America and Caribbean,MSR,,,,,,,,,,
MTQ,Martinique,Martinique,North America,,,Latin America and Caribbean,MTQ,,,,,,,,,,
MUS,Mauritius,Mauritius,Africa,Africa,Sub-Saharan Africa,Sub-Saharan Africa,MUS,MUS,MU,Mauritius,Sub-Saharan Africa ,Sub-Saharan Africa (excluding high income),Upper middle income,IBRD,Port Louis,57.4977,-20.1605
MWI,Malawi,Malawi,Africa,Africa,Sub-Saharan Africa,Sub-Saharan Africa,MWI,MWI,MW,Malawi,Sub-Saharan Africa ,Sub-Saharan Africa (excluding high income),Low income,IDA,Lilongwe,33.7703,-13.9899
MYS,Malaysia,Malaysia,Asia,Western Pacific,East Asia and Pacific,Eastern and South-Eastern Asia,MYS,MYS,MY,Malaysia,East Asia & Pacific,East Asia & Pacific (excluding high income),Upper middle income,IBRD,Kuala Lumpur,101.684,3.12433
MYT,Mayotte,Mayotte,Africa,,,Sub-Saharan Africa,MYT,,,,,,,,,,
NAM,Namibia,Namibia,Africa,Africa,Sub-Saharan Africa,Sub-Saharan Africa,NAM,NAM,NA,Namibia,Sub-Saharan Africa ,Sub-Saharan Africa (excluding high income),Upper middle income,IBRD,Windhoek,17.0931,-22.5648
NCL,New Caledonia,New Caledonia,Oceania,,East Asia and Pacific,Oceania,NCL,NCL,NC,New Caledonia,East Asia & Pacific,,High income,Not classified,Noum'ea,166.464,-22.2677
NER,Niger,Niger,Africa,Africa,Sub-Saharan Africa,Sub-Saharan Africa,NER,NER,NE,Niger,Sub-Saharan Africa ,Sub-Saharan Africa (excluding high income),Low income,IDA,Niamey,2.1073,13.514
NFK,Norfolk Island,Norfolk Island,Oceania,,,Oceania,NFK,,,,,,,,,,
NGA,Nigeria,Nigeria,Africa,Africa,Sub-Saharan Africa,Sub-Saharan Africa,NGA,NGA,NG,Nigeria,Sub-Saharan Africa ,Sub-Saharan Africa (excluding high income),Lower middle income,Blend,Abuja,7.48906,9.05804
NIC,Nicaragua,Nicaragua,North America,Americas,Latin America and Caribbean,Latin America and Caribbean,NIC,NIC,NI,Nicaragua,Latin America & Caribbean ,Latin America & Caribbean (excluding high income),Lower middle income,IDA,Managua,-86.2734,12.1475
NIU,Niue,Niue,Oceania,Western Pacific,,Oceania,NIU,,,,,,,,,,
NLD,Netherlands,Netherlands,Europe,Europe,Europe and Central Asia,Europe and Northern America,NLD,NLD,NL,Netherlands,Europe & Central Asia,,High income,Not classified,Amsterdam,4.89095,52.3738
NOR,Norway,Norway,Europe,Europe,Europe and Central Asia,Europe and Northern America,NOR,NOR,NO,Norway,Europe & Central Asia,,High income,Not classified,Oslo,10.7387,59.9138
NPL,Nepal,Nepal,Asia,South-East Asia,South Asia,Central and Southern Asia,NPL,NPL,NP,Nepal,South Asia,South Asia,Lower middle income,IDA,Kathmandu,85.3157,27.6939
NRU,Nauru,Nauru,Oceania,Western Pacific,East Asia and Pacific,Oceania,NRU,NRU,NR,Nauru,East Asia & Pacific,,High income,IBRD,Yaren District,166.920867,-0.5477
NZL,New Zealand,New Zealand,Oceania,Western Pacific,East Asia and Pacific,Oceania,NZL,NZL,NZ,New Zealand,East Asia & Pacific,,High income,Not classified,Wellington,174.776,-41.2865
OMN,Oman,Oman,Asia,Eastern Mediterranean,Middle East and North Africa,Northern Africa and Western Asia,OMN,OMN,OM,Oman,Middle East & North Africa,,High income,Not classified,Muscat,58.5874,23.6105
OWID_ABK,Abkhazia,Abkhazia,Asia,,,,OWID_ABK,,,,,,,,,,
OWID_AFR,Africa,Africa,,,,,OWID_AFR,AFR,A9,Africa,Aggregates,,Aggregates,Aggregates,,,
OWID_AKD,Akrotiri and Dhekelia,Akrotiri and Dhekelia,Asia,,,,OWID_AKD,,,,,,,,,,
OWID_AUH,Austria-Hungary,Austria-Hungary,Europe,,,,OWID_AUH,,,,,,,,,,
OWID_BAD,Baden,Baden,Europe,,,,OWID_BAD,,,,,,,,,,
OWID_BAV,Bavaria,Bavaria,Europe,,,,OWID_BAV,,,,,,,,,,
OWID_CIS,Channel Islands,Channel Islands,Europe,,Europe and Central Asia,Europe and Northern America,OWID_CIS,CHI,JG,Channel Islands,Europe & Central Asia,,High income,Not classified,,,
OWID_CYN,Northern Cyprus,Northern Cyprus,Asia,,,,OWID_CYN,,,,,,,,,,
OWID_CZS,Czechoslovakia,Czechoslovakia,Europe,,,,OWID_CZS,,,,,,,,,,
OWID_ERE,Eritrea and Ethiopia,Eritrea and Ethiopia,Africa,,,,OWID_ERE,,,,,,,,,,
OWID_EU27,European Union (27),European Union (27),,,,,OWID_EU27,,,,,,,,,,
OWID_EUR,Europe,Europe,,,,,OWID_EUR,,,,,,,,,,
OWID_GDR,East Germany,East Germany,Europe,,,,OWID_GDR,,,,,,,,,,
OWID_GFR,West Germany,West Germany,Europe,,,,OWID_GFR,,,,,,,,,,
OWID_HAN,Hanover,Hanover,Europe,,,,OWID_HAN,,,,,,,,,,
OWID_HSE,Hesse Electoral,Hesse Electoral,Europe,,,,OWID_HSE,,,,,,,,,,
OWID_HSG,Hesse Grand Ducal,Hesse Grand Ducal,Europe,,,,OWID_HSG,,,,,,,,,,
OWID_KOS,Kosovo,Kosovo,Europe,,Europe and Central Asia,Europe and Northern America,OWID_KOS,XKX,XK,Kosovo,Europe & Central Asia,Europe & Central Asia (excluding high income),Upper middle income,IDA,Pristina,20.926,42.565
OWID_KRU,United Korea,United Korea,Asia,,,,OWID_KRU,,,,,,,,,,
OWID_MEC,Mecklenburg Schwerin,Mecklenburg Schwerin,Europe,,,,OWID_MEC,,,,,,,,,,
OWID_MOD,Modena,Modena,Europe,,,,OWID_MOD,,,,,,,,,,
OWID_NAG,Nagorno-Karabakh,Nagorno-Karabakh,Asia,,,,OWID_NAG,,,,,,,,,,
OWID_PMA,Parma,Parma,Europe,,,,OWID_PMA,,,,,,,,,,
OWID_RVN,Republic of Vietnam,Republic of Vietnam,Asia,,,,OWID_RVN,,,,,,,,,,
OWID_SAX,Saxony,Saxony,Europe,,,,OWID_SAX,,,,,,,,,,
OWID_SEK,Serbia excluding Kosovo,Serbia excluding Kosovo,Europe,,,,OWID_SEK,,,,,,,,,,
OWID_SIC,Two Sicilies,Two Sicilies,Europe,,,,OWID_SIC,,,,,,,,,,
OWID_SML,Somaliland,Somaliland,Africa,,,,OWID_SML,,,,,,,,,,
OWID_SOS,South Ossetia,South Ossetia,Asia,,,,OWID_SOS,,,,,,,,,,
OWID_SRM,Serbia and Montenegro,Serbia and Montenegro,Europe,,,,OWID_SRM,,,,,,,,,,
OWID_TRS,Transnistria,Transnistria,Europe,,,,OWID_TRS,,,,,,,,,,
OWID_TUS,Tuscany,Tuscany,Europe,,,,OWID_TUS,,,,,,,,,,
OWID_USS,USSR,USSR,Europe,,,,OWID_USS,,,,,,,,,,
OWID_WRL,World,World,,,,,OWID_WRL,WLD,1W,World,Aggregates,,Aggregates,Aggregates,,,
OWID_WRT,Wuerttemburg,Wuerttemburg,Europe,,,,OWID_WRT,,,,,,,,,,
OWID_YAR,Yemen Arab Republic,Yemen Arab Republic,Asia,,,,OWID_YAR,,,,,,,,,,
OWID_YGS,Yugoslavia,Yugoslavia,Europe,,,,OWID_YGS,,,,,,,,,,
OWID_YPR,Yemen People's Republic,Yemen People's Republic,Asia,,,,OWID_YPR,,,,,,,,,,
OWID_ZAN,Zanzibar,Zanzibar,Africa,,,,OWID_ZAN,,,,,,,,,,
PAK,Pakistan,Pakistan,Asia,Eastern Mediterranean,South Asia,Central and Southern Asia,PAK,PAK,PK,Pakistan,South Asia,South Asia,Lower middle income,Blend,Islamabad,72.8,30.5167
PAN,Panama,Panama,North America,Americas,Latin America and Caribbean,Latin America and Caribbean,PAN,PAN,PA,Panama,Latin America & Caribbean ,Latin America & Caribbean (excluding high income),Upper middle income,IBRD,Panama City,-79.5188,8.99427
PCN,Pitcairn,Pitcairn,Oceania,,,Oceania,PCN,,,,,,,,,,
PER,Peru,Peru,South America,Americas,Latin America and Caribbean,Latin America and Caribbean,PER,PER,PE,Peru,Latin America & Caribbean ,Latin America & Caribbean (excluding high income),Upper middle income,IBRD,Lima,-77.0465,-12.0931
PHL,Philippines,Philippines,Asia,Western Pacific,East Asia and Pacific,Eastern and South-Eastern Asia,PHL,PHL,PH,Philippines,East Asia & Pacific,East Asia & Pacific (excluding high income),Lower middle income,IBRD,Manila,121.035,14.5515
PLW,Palau,Palau,Oceania,Western Pacific,East Asia and Pacific,Oceania,PLW,PLW,PW,Palau,East Asia & Pacific,,High income,IBRD,Koror,134.479,7.34194
PNG,Papua New Guinea,Papua New Guinea,Oceania,Western Pacific,East Asia and Pacific,Oceania,PNG,PNG,PG,Papua New Guinea,East Asia & Pacific,East Asia & Pacific (excluding high income),Lower middle income,Blend,Port Moresby,147.194,-9.47357
POL,Poland,Poland,Europe,Europe,Europe and Central Asia,Europe and Northern America,POL,POL,PL,Poland,Europe & Central Asia,,High income,IBRD,Warsaw,21.02,52.26
PRI,Puerto Rico,Puerto Rico,North America,,Latin America and Caribbean,Latin America and Caribbean,PRI,PRI,PR,Puerto Rico,Latin America & Caribbean ,,High income,Not classified,San Juan,-66,18.23
PRK,"Korea, Dem. People's Rep.",North Korea,Asia,South-East Asia,East Asia and Pacific,Eastern and South-Eastern Asia,PRK,PRK,KP,"Korea, Dem. People's Rep.",East Asia & Pacific,East Asia & Pacific (excluding high income),Low income,Not classified,Pyongyang,125.754,39.0319
PRT,Portugal,Portugal,Europe,Europe,Europe and Central Asia,Europe and Northern America,PRT,PRT,PT,Portugal,Europe & Central Asia,,High income,Not classified,Lisbon,-9.13552,38.7072
PRY,Paraguay,Paraguay,South America,Americas,Latin America and Caribbean,Latin America and Caribbean,PRY,PRY,PY,Paraguay,Latin America & Caribbean ,Latin America & Caribbean (excluding high income),Upper middle income,IBRD,Asuncion,-57.6362,-25.3005
PSE,West Bank and Gaza,Palestine,Asia,,Middle East and North Africa,Northern Africa and Western Asia,PSE,PSE,PS,West Bank and Gaza,Middle East & North Africa,Middle East & North Africa (excluding high income),Lower middle income,Not classified,,,
PYF,French Polynesia,French Polynesia,Oceania,,East Asia and Pacific,Oceania,PYF,PYF,PF,French Polynesia,East Asia & Pacific,,High income,Not classified,Papeete,-149.57,-17.535
QAT,Qatar,Qatar,Asia,Eastern Mediterranean,Middle East and North Africa,Northern Africa and Western Asia,QAT,QAT,QA,Qatar,Middle East & North Africa,,High income,Not classified,Doha,51.5082,25.2948
REU,Reunion,Reunion,Africa,,,Sub-Saharan Africa,REU,,,,,,,,,,
ROU,Romania,Romania,Europe,Europe,Europe and Central Asia,Europe and Northern America,ROU,ROU,RO,Romania,Europe & Central Asia,Europe & Central Asia (excluding high income),Upper middle income,IBRD,Bucharest,26.0979,44.4479
RUS,Russian Federation,Russia,Europe,Europe,Europe and Central Asia,Europe and Northern America,RUS,RUS,RU,Russian Federation,Europe & Central Asia,Europe & Central Asia (excluding high income),Upper middle income,IBRD,Moscow,37.6176,55.7558
RWA,Rwanda,Rwanda,Africa,Africa,Sub-Saharan Africa,Sub-Saharan Africa,RWA,RWA,RW,Rwanda,Sub-Saharan Africa ,Sub-Saharan Africa (excluding high income),Low income,IDA,Kigali,30.0587,-1.95325
SAU,Saudi Arabia,Saudi Arabia,Asia,Eastern Mediterranean,Middle East and North Africa,Northern Africa and Western Asia,SAU,SAU,SA,Saudi Arabia,Middle East & North Africa,,High income,Not classified,Riyadh,46.6977,24.6748
SDN,Sudan,Sudan,Africa,Eastern Mediterranean,Sub-Saharan Africa,Northern Africa and Western Asia,SDN,SDN,SD,Sudan,Sub-Saharan Africa ,Sub-Saharan Africa (excluding high income),Low income,IDA,Khartoum,32.5363,15.5932
SEN,Senegal,Senegal,Africa,Africa,Sub-Saharan Africa,Sub-Saharan Africa,SEN,SEN,SN,Senegal,Sub-Saharan Africa ,Sub-Saharan Africa (excluding high income),Lower middle income,IDA,Dakar,-17.4734,14.7247
SGP,Singapore,Singapore,Asia,Western Pacific,East Asia and Pacific,Eastern and South-Eastern Asia,SGP,SGP,SG,Singapore,East Asia & Pacific,,High income,Not classified,Singapore,103.85,1.28941
SGS,South Georgia and the South Sandwich Islands,South Georgia and the South Sandwich Islands,South America,,,Latin America and Caribbean,SGS,,,,,,,,,,
SHN,Saint Helena,Saint Helena,Africa,,,,SHN,,,,,,,,,,
SJM,Svalbard and Jan Mayen,Svalbard and Jan Mayen,Europe,,,,SJM,,,,,,,,,,
SLB,Solomon Islands,Solomon Islands,Oceania,Western Pacific,East Asia and Pacific,Oceania,SLB,SLB,SB,Solomon Islands,East Asia & Pacific,East Asia & Pacific (excluding high income),Lower middle income,IDA,Honiara,159.949,-9.42676
SLE,Sierra Leone,Sierra Leone,Africa,Africa,Sub-Saharan Africa,Sub-Saharan Africa,SLE,SLE,SL,Sierra Leone,Sub-Saharan Africa ,Sub-Saharan Africa (excluding high income),Low income,IDA,Freetown,-13.2134,8.4821
SLV,El Salvador,El Salvador,North America,Americas,Latin America and Caribbean,Latin America and Caribbean,SLV,SLV,SV,El Salvador,Latin America & Caribbean ,Latin America & Caribbean (excluding high income),Lower middle income,IBRD,San Salvador,-89.2073,13.7034
SMR,San Marino,San Marino,Europe,Europe,Europe and Central Asia,Europe and Northern America,SMR,SMR,SM,San Marino,Europe & Central Asia,,High income,Not classified,San Marino,12.4486,43.9322
SOM,Somalia,Somalia,Africa,Eastern Mediterranean,Sub-Saharan Africa,Sub-Saharan Africa,SOM,SOM,SO,Somalia,Sub-Saharan Africa ,Sub-Saharan Africa (excluding high income),Low income,IDA,Mogadishu,45.3254,2.07515
SPM,Saint Pierre and Miquelon,Saint Pierre and Miquelon,North America,,,,SPM,,,,,,,,,,
SRB,Serbia,Serbia,Europe,Europe,Europe and Central Asia,Europe and Northern America,SRB,SRB,RS,Serbia,Europe & Central Asia,Europe & Central Asia (excluding high income),Upper middle income,IBRD,Belgrade,20.4656,44.8024
SSD,South Sudan,South Sudan,Africa,Africa,Sub-Saharan Africa,Sub-Saharan Africa,SSD,SSD,SS,South Sudan,Sub-Saharan Africa ,Sub-Saharan Africa (excluding high income),Low income,IDA,Juba,31.6,4.85
STP,Sao Tome and Principe,Sao Tome and Principe,Africa,Africa,Sub-Saharan Africa,Sub-Saharan Africa,STP,STP,ST,Sao Tome and Principe,Sub-Saharan Africa ,Sub-Saharan Africa (excluding high income),Lower middle income,IDA,Sao Tome,6.6071,0.20618
SUR,Suriname,Suriname,South America,Americas,Latin America and Caribbean,Latin America and Caribbean,SUR,SUR,SR,Suriname,Latin America & Caribbean ,Latin America & Caribbean (excluding high income),Upper middle income,IBRD,Paramaribo,-55.1679,5.8232
SVK,Slovak Republic,Slovakia,Europe,Europe,Europe and Central Asia,Europe and Northern America,SVK,SVK,SK,Slovak Republic,Europe & Central Asia,,High income,Not classified,Bratislava,17.1073,48.1484
SVN,Slovenia,Slovenia,Europe,Europe,Europe and Central Asia,Europe and Northern America,SVN,SVN,SI,Slovenia,Europe & Central Asia,,High income,Not classified,Ljubljana,14.5044,46.0546
SWE,Sweden,Sweden,Europe,Europe,Europe and Central Asia,Europe and Northern America,SWE,SWE,SE,Sweden,Europe & Central Asia,,High income,Not classified,Stockholm,18.0645,59.3327
SWZ,Eswatini,Eswatini,Africa,Africa,Sub-Saharan Africa,Sub-Saharan Africa,SWZ,SWZ,SZ,Eswatini,Sub-Saharan Africa ,Sub-Saharan Africa (excluding high income),Lower middle income,IBRD,Mbabane,31.4659,-26.5225
SXM,Sint Maarten (Dutch part),Sint Maarten (Dutch part),North America,,Latin America and Caribbean,Latin America and Caribbean,SXM,SXM,SX,Sint Maarten (Dutch part),Latin America & Caribbean ,,High income,Not classified,Philipsburg,,
SYC,Seychelles,Seychelles,Africa,Africa,Sub-Saharan Africa,Sub-Saharan Africa,SYC,SYC,SC,Seychelles,Sub-Saharan Africa ,,High income,IBRD,Victoria,55.4466,-4.6309
SYR,Syrian Arab Republic,Syria,Asia,Eastern Mediterranean,Middle East and North Africa,Northern Africa and Western Asia,SYR,SYR,SY,Syrian Arab Republic,Middle East & North Africa,Middle East & North Africa (excluding high income),Low income,IDA,Damascus,36.3119,33.5146
TCA,Turks and Caicos Islands,Turks and Caicos Islands,North America,,Latin America and Caribbean,Latin America and Caribbean,TCA,TCA,TC,Turks and Caicos Islands,Latin America & Caribbean ,,High income,Not classified,Grand Turk,-71.141389,21.4602778
TCD,Chad,Chad,Africa,Africa,Sub-Saharan Africa,Sub-Saharan Africa,TCD,TCD,TD,Chad,Sub-Saharan Africa ,Sub-Saharan Africa (excluding high income),Low income,IDA,N'Djamena,15.0445,12.1048
TGO,Togo,Togo,Africa,Africa,Sub-Saharan Africa,Sub-Saharan Africa,TGO,TGO,TG,Togo,Sub-Saharan Africa ,Sub-Saharan Africa (excluding high income),Low income,IDA,Lome,1.2255,6.1228
THA,Thailand,Thailand,Asia,South-East Asia,East Asia and Pacific,Eastern and South-Eastern Asia,THA,THA,TH,Thailand,East Asia & Pacific,East Asia & Pacific (excluding high income),Upper middle income,IBRD,Bangkok,100.521,13.7308
TJK,Tajikistan,Tajikistan,Asia,Europe,Europe and Central Asia,Central and Southern Asia,TJK,TJK,TJ,Tajikistan,Europe & Central Asia,Europe & Central Asia (excluding high income),Lower middle income,IDA,Dushanbe,68.7864,38.5878
TKL,Tokelau,Tokelau,Oceania,,,Oceania,TKL,,,,,,,,,,
TKM,Turkmenistan,Turkmenistan,Asia,Europe,Europe and Central Asia,Central and Southern Asia,TKM,TKM,TM,Turkmenistan,Europe & Central Asia,Europe & Central Asia (excluding high income),Upper middle income,IBRD,Ashgabat,58.3794,37.9509
TLS,Timor-Leste,Timor-Leste,Asia,South-East Asia,East Asia and Pacific,Eastern and South-Eastern Asia,TLS,TLS,TL,Timor-Leste,East Asia & Pacific,East Asia & Pacific (excluding high income),Lower middle income,Blend,Dili,125.567,-8.56667
TON,Tonga,Tonga,Oceania,Western Pacific,East Asia and Pacific,Oceania,TON,TON,TO,Tonga,East Asia & Pacific,East Asia & Pacific (excluding high income),Upper middle income,IDA,Nuku'alofa,-175.216,-21.136
TTO,Trinidad and Tobago,Trinidad and Tobago,North America,Americas,Latin America and Caribbean,Latin America and Caribbean,TTO,TTO,TT,Trinidad and Tobago,Latin America & Caribbean ,,High income,IBRD,Port-of-Spain,-61.4789,10.6596
TUN,Tunisia,Tunisia,Africa,Eastern Mediterranean,Middle East and North Africa,Northern Africa and Western Asia,TUN,TUN,TN,Tunisia,Middle East & North Africa,Middle East & North Africa (excluding high income),Lower middle income,IBRD,Tunis,10.21,36.7899
TUR,Turkey,Turkey,Asia,Europe,Europe and Central Asia,Northern Africa and Western Asia,TUR,TUR,TR,Turkey,Europe & Central Asia,Europe & Central Asia (excluding high income),Upper middle income,IBRD,Ankara,32.3606,39.7153
TUV,Tuvalu,Tuvalu,Oceania,Western Pacific,East Asia and Pacific,Oceania,TUV,TUV,TV,Tuvalu,East Asia & Pacific,East Asia & Pacific (excluding high income),Upper middle income,IDA,Funafuti,179.089567,-8.6314877
TWN,"Taiwan, China",Taiwan,Asia,,,,TWN,TWN,TW,"Taiwan, China",East Asia & Pacific,,High income,Not classified,,,
TZA,Tanzania,Tanzania,Africa,Africa,Sub-Saharan Africa,Sub-Saharan Africa,TZA,TZA,TZ,Tanzania,Sub-Saharan Africa ,Sub-Saharan Africa (excluding high income),Lower middle income,IDA,Dodoma,35.7382,-6.17486
UGA,Uganda,Uganda,Africa,Africa,Sub-Saharan Africa,Sub-Saharan Africa,UGA,UGA,UG,Uganda,Sub-Saharan Africa ,Sub-Saharan Africa (excluding high income),Low income,IDA,Kampala,32.5729,0.314269
UKR,Ukraine,Ukraine,Europe,Europe,Europe and Central Asia,Europe and Northern America,UKR,UKR,UA,Ukraine,Europe & Central Asia,Europe & Central Asia (excluding high income),Lower middle income,IBRD,Kiev,30.5038,50.4536
UMI,United States Minor Outlying Islands,United States Minor Outlying Islands,Oceania,,,,UMI,,,,,,,,,,
URY,Uruguay,Uruguay,South America,Americas,Latin America and Caribbean,Latin America and Caribbean,URY,URY,UY,Uruguay,Latin America & Caribbean ,,High income,IBRD,Montevideo,-56.0675,-34.8941
USA,United States,United States,North America,Americas,North America,Europe and Northern America,USA,USA,US,United States,North America,,High income,Not classified,Washington D.C.,-77.032,38.8895
UZB,Uzbekistan,Uzbekistan,Asia,Europe,Europe and Central Asia,Central and Southern Asia,UZB,UZB,UZ,Uzbekistan,Europe & Central Asia,Europe & Central Asia (excluding high income),Lower middle income,Blend,Tashkent,69.269,41.3052
VAT,Vatican,Vatican,Europe,,,,VAT,,,,,,,,,,
VCT,St. Vincent and the Grenadines,Saint Vincent and the Grenadines,North America,Americas,Latin America and Caribbean,Latin America and Caribbean,VCT,VCT,VC,St. Vincent and the Grenadines,Latin America & Caribbean ,Latin America & Caribbean (excluding high income),Upper middle income,Blend,Kingstown,-61.2653,13.2035
VEN,"Venezuela, RB",Venezuela,South America,Americas,Latin America and Caribbean,Latin America and Caribbean,VEN,VEN,VE,"Venezuela, RB",Latin America & Caribbean ,,Not classified,IBRD,Caracas,-69.8371,9.08165
VGB,British Virgin Islands,British Virgin Islands,North America,,Latin America and Caribbean,Latin America and Caribbean,VGB,VGB,VG,British Virgin Islands,Latin America & Caribbean ,,High income,Not classified,Road Town,-64.623056,18.431389
VIR,Virgin Islands (U.S.),United States Virgin Islands,North America,,Latin America and Caribbean,Latin America and Caribbean,VIR,VIR,VI,Virgin Islands (U.S.),Latin America & Caribbean ,,High income,Not classified,Charlotte Amalie,-64.8963,18.3358
VNM,Vietnam,Vietnam,Asia,Western Pacific,East Asia and Pacific,Eastern and South-Eastern Asia,VNM,VNM,VN,Vietnam,East Asia & Pacific,East Asia & Pacific (excluding high income),Lower middle income,IBRD,Hanoi,105.825,21.0069
VUT,Vanuatu,Vanuatu,Oceania,Western Pacific,East Asia and Pacific,Oceania,VUT,VUT,VU,Vanuatu,East Asia & Pacific,East Asia & Pacific (excluding high income),Lower middle income,IDA,Port-Vila,168.321,-17.7404
WLF,Wallis and Futuna Islands,Wallis and Futuna Islands,Oceania,,,Oceania,WLF,,,,,,,,,,
WSM,Samoa,Samoa,Oceania,Western Pacific,East Asia and Pacific,Oceania,WSM,WSM,WS,Samoa,East Asia & Pacific,East Asia & Pacific (excluding high income),Lower middle income,IDA,Apia,-171.752,-13.8314
YEM,"Yemen, Rep.",Yemen,Asia,Eastern Mediterranean,Middle East and North Africa,Northern Africa and Western Asia,YEM,YEM,YE,"Yemen, Rep.",Middle East & North Africa,Middle East & North Africa (excluding high income),Low income,IDA,Sana'a,44.2075,15.352
ZAF,South Africa,South Africa,Africa,Africa,Sub-Saharan Africa,Sub-Saharan Africa,ZAF,ZAF,ZA,South Africa,Sub-Saharan Africa ,Sub-Saharan Africa (excluding high income),Upper middle income,IBRD,Pretoria,28.1871,-25.746
ZMB,Zambia,Zambia,Africa,Africa,Sub-Saharan Africa,Sub-Saharan Africa,ZMB,ZMB,ZM,Zambia,Sub-Saharan Africa ,Sub-Saharan Africa (excluding high income),Lower middle income,IDA,Lusaka,28.2937,-15.3982
ZWE,Zimbabwe,Zimbabwe,Africa,Africa,Sub-Saharan Africa,Sub-Saharan Africa,ZWE,ZWE,ZW,Zimbabwe,Sub-Saharan Africa ,Sub-Saharan Africa (excluding high income),Lower middle income,Blend,Harare,31.0672,-17.8312
AFE,Africa Eastern and Southern,,,,,,,AFE,ZH,Africa Eastern and Southern,Aggregates,,Aggregates,Aggregates,,,
AFW,Africa Western and Central,,,,,,,AFW,ZI,Africa Western and Central,Aggregates,,Aggregates,Aggregates,,,
ARB,Arab World,,,,,,,ARB,1A,Arab World,Aggregates,,Aggregates,Aggregates,,,
BEA,East Asia & Pacific (IBRD-only countries),,,,,,,BEA,B4,East Asia & Pacific (IBRD-only countries),Aggregates,,Aggregates,Aggregates,,,
BEC,Europe & Central Asia (IBRD-only countries),,,,,,,BEC,B7,Europe & Central Asia (IBRD-only countries),Aggregates,,Aggregates,Aggregates,,,
BHI,IBRD countries classified as high income,,,,,,,BHI,B1,IBRD countries classified as high income,Aggregates,,Aggregates,Aggregates,,,
BLA,Latin America & the Caribbean (IBRD-only countries),,,,,,,BLA,B2,Latin America & the Caribbean (IBRD-only countries),Aggregates,,Aggregates,Aggregates,,,
BMN,Middle East & North Africa (IBRD-only countries),,,,,,,BMN,B3,Middle East & North Africa (IBRD-only countries),Aggregates,,Aggregates,Aggregates,,,
BSS,Sub-Saharan Africa (IBRD-only countries),,,,,,,BSS,B6,Sub-Saharan Africa (IBRD-only countries),Aggregates,,Aggregates,Aggregates,,,
CAA,Sub-Saharan Africa (IFC classification),,,,,,,CAA,C9,Sub-Saharan Africa (IFC classification),Aggregates,,Aggregates,Aggregates,,,
CEA,East Asia and the Pacific (IFC classification),,,,,,,CEA,C4,East Asia and the Pacific (IFC classification),Aggregates,,Aggregates,Aggregates,,,
CEB,Central Europe and the Baltics,,,,,,,CEB,B8,Central Europe and the Baltics,Aggregates,,Aggregates,Aggregates,,,
CEU,Europe and Central Asia (IFC classification),,,,,,,CEU,C5,Europe and Central Asia (IFC classification),Aggregates,,Aggregates,Aggregates,,,
CLA,Latin America and the Caribbean (IFC classification),,,,,,,CLA,C6,Latin America and the Caribbean (IFC classification),Aggregates,,Aggregates,Aggregates,,,
CME,Middle East and North Africa (IFC classification),,,,,,,CME,C7,Middle East and North Africa (IFC classification),Aggregates,,Aggregates,Aggregates,,,
CSA,South Asia (IFC classification),,,,,,,CSA,C8,South Asia (IFC classification),Aggregates,,Aggregates,Aggregates,,,
CSS,Caribbean small states,,,,,,,CSS,S3,Caribbean small states,Aggregates,,Aggregates,Aggregates,,,
DEA,East Asia & Pacific (IDA-eligible countries),,,,,,,DEA,D4,East Asia & Pacific (IDA-eligible countries),Aggregates,,Aggregates,Aggregates,,,
DEC,Europe & Central Asia (IDA-eligible countries),,,,,,,DEC,D7,Europe & Central Asia (IDA-eligible countries),Aggregates,,Aggregates,Aggregates,,,
DFS,IDA countries classified as Fragile Situations,,,,,,,DFS,D8,IDA countries classified as Fragile Situations,Aggregates,,Aggregates,Aggregates,,,
DLA,Latin America & the Caribbean (IDA-eligible countries),,,,,,,DLA,D2,Latin America & the Caribbean (IDA-eligible countries),Aggregates,,Aggregates,Aggregates,,,
DMN,Middle East & North Africa (IDA-eligible countries),,,,,,,DMN,D3,Middle East & North Africa (IDA-eligible countries),Aggregates,,Aggregates,Aggregates,,,
DNF,IDA countries not classified as Fragile Situations,,,,,,,DNF,D9,IDA countries not classified as Fragile Situations,Aggregates,,Aggregates,Aggregates,,,
DNS,IDA countries in Sub-Saharan Africa not classified as fragile situations ,,,,,,,DNS,N6,IDA countries in Sub-Saharan Africa not classified as fragile situations ,Aggregates,,Aggregates,Aggregates,,,
DSA,South Asia (IDA-eligible countries),,,,,,,DSA,D5,South Asia (IDA-eligible countries),Aggregates,,Aggregates,Aggregates,,,
DSF,IDA countries in Sub-Saharan Africa classified as fragile situations ,,,,,,,DSF,F6,IDA countries in Sub-Saharan Africa classified as fragile situations ,Aggregates,,Aggregates,Aggregates,,,
DSS,Sub-Saharan Africa (IDA-eligible countries),,,,,,,DSS,D6,Sub-Saharan Africa (IDA-eligible countries),Aggregates,,Aggregates,Aggregates,,,
EAP,East Asia & Pacific (excluding high income),,,,,,,EAP,4E,East Asia & Pacific (excluding high income),Aggregates,,Aggregates,Aggregates,,,
EAR,Early-demographic dividend,,,,,,,EAR,V2,Early-demographic dividend,Aggregates,,Aggregates,Aggregates,,,
EAS,East Asia & Pacific,,,,,,,EAS,Z4,East Asia & Pacific,Aggregates,,Aggregates,Aggregates,,,
ECA,Europe & Central Asia (excluding high income),,,,,,,ECA,7E,Europe & Central Asia (excluding high income),Aggregates,,Aggregates,Aggregates,,,
ECS,Europe & Central Asia,,,,,,,ECS,Z7,Europe & Central Asia,Aggregates,,Aggregates,Aggregates,,,
EMU,Euro area,,,,,,,EMU,XC,Euro area,Aggregates,,Aggregates,Aggregates,,,
EUU,European Union,,,,,,,EUU,EU,European Union,Aggregates,,Aggregates,Aggregates,,,
FCS,Fragile and conflict affected situations,,,,,,,FCS,F1,Fragile and conflict affected situations,Aggregates,,Aggregates,Aggregates,,,
FXS,"IDA countries classified as fragile situations, excluding Sub-Saharan Africa",,,,,,,FXS,6F,"IDA countries classified as fragile situations, excluding Sub-Saharan Africa",Aggregates,,Aggregates,Aggregates,,,
HIC,High income,High-income countries,,,,,,HIC,XD,High income,Aggregates,,Aggregates,Aggregates,,,
HPC,Heavily indebted poor countries (HIPC),,,,,,,HPC,XE,Heavily indebted poor countries (HIPC),Aggregates,,Aggregates,Aggregates,,,
IBB,"IBRD, including blend",,,,,,,IBB,ZB,"IBRD, including blend",Aggregates,,Aggregates,Aggregates,,,
IBD,IBRD only,,,,,,,IBD,XF,IBRD only,Aggregates,,Aggregates,Aggregates,,,
IBT,IDA & IBRD total,,,,,,,IBT,ZT,IDA & IBRD total,Aggregates,,Aggregates,Aggregates,,,
IDA,IDA total,,,,,,,IDA,XG,IDA total,Aggregates,,Aggregates,Aggregates,,,
IDB,IDA blend,,,,,,,IDB,XH,IDA blend,Aggregates,,Aggregates,Aggregates,,,
IDX,IDA only,,,,,,,IDX,XI,IDA only,Aggregates,,Aggregates,Aggregates,,,
INX,Not classified,,,,,,,INX,XY,Not classified,Aggregates,,Aggregates,Aggregates,,,
LAC,Latin America & Caribbean (excluding high income),,,,,,,LAC,XJ,Latin America & Caribbean (excluding high income),Aggregates,,Aggregates,Aggregates,,,
LCN,Latin America & Caribbean ,,,,,,,LCN,ZJ,Latin America & Caribbean ,Aggregates,,Aggregates,Aggregates,,,
LDC,Least developed countries: UN classification,,,,,,,LDC,XL,Least developed countries: UN classification,Aggregates,,Aggregates,Aggregates,,,
LIC,Low income,Low-income countries,,,,,,LIC,XM,Low income,Aggregates,,Aggregates,Aggregates,,,
LMC,Lower middle income,Lower-middle-income countries,,,,,,LMC,XN,Lower middle income,Aggregates,,Aggregates,Aggregates,,,
LMY,Low & middle income,,,,,,,LMY,XO,Low & middle income,Aggregates,,Aggregates,Aggregates,,,
LTE,Late-demographic dividend,,,,,,,LTE,V3,Late-demographic dividend,Aggregates,,Aggregates,Aggregates,,,
MDE,Middle East (developing only),,,,,,,MDE,M1,Middle East (developing only),Aggregates,,Aggregates,Aggregates,,,
MEA,Middle East & North Africa,,,,,,,MEA,ZQ,Middle East & North Africa,Aggregates,,Aggregates,Aggregates,,,
MIC,Middle income,,,,,,,MIC,XP,Middle income,Aggregates,,Aggregates,Aggregates,,,
MNA,Middle East & North Africa (excluding high income),,,,,,,MNA,XQ,Middle East & North Africa (excluding high income),Aggregates,,Aggregates,Aggregates,,,
NAC,North America,North America,,,,,,NAC,XU,North America,Aggregates,,Aggregates,Aggregates,,,
NAF,North Africa,,,,,,,NAF,M2,North Africa,Aggregates,,Aggregates,Aggregates,,,
NRS,Non-resource rich Sub-Saharan Africa countries,,,,,,,NRS,6X,Non-resource rich Sub-Saharan Africa countries,Aggregates,,Aggregates,Aggregates,,,
NXS,"IDA countries not classified as fragile situations, excluding Sub-Saharan Africa",,,,,,,NXS,6N,"IDA countries not classified as fragile situations, excluding Sub-Saharan Africa",Aggregates,,Aggregates,Aggregates,,,
OED,OECD members,OECD,,,,,,OED,OE,OECD members,Aggregates,,Aggregates,Aggregates,,,
OSS,Other small states,,,,,,,OSS,S4,Other small states,Aggregates,,Aggregates,Aggregates,,,
PRE,Pre-demographic dividend,,,,,,,PRE,V1,Pre-demographic dividend,Aggregates,,Aggregates,Aggregates,,,
PSS,Pacific island small states,,,,,,,PSS,S2,Pacific island small states,Aggregates,,Aggregates,Aggregates,,,
PST,Post-demographic dividend,,,,,,,PST,V4,Post-demographic dividend,Aggregates,,Aggregates,Aggregates,,,
RRS,Resource rich Sub-Saharan Africa countries,,,,,,,RRS,R6,Resource rich Sub-Saharan Africa countries,Aggregates,,Aggregates,Aggregates,,,
SAS,South Asia,,,,,,,SAS,8S,South Asia,Aggregates,,Aggregates,Aggregates,,,
SSA,Sub-Saharan Africa (excluding high income),,,,,,,SSA,ZF,Sub-Saharan Africa (excluding high income),Aggregates,,Aggregates,Aggregates,,,
SSF,Sub-Saharan Africa ,,,,,,,SSF,ZG,Sub-Saharan Africa ,Aggregates,,Aggregates,Aggregates,,,
SST,Small states,,,,,,,SST,S1,Small states,Aggregates,,Aggregates,Aggregates,,,
SXZ,Sub-Saharan Africa excluding South Africa,,,,,,,SXZ,A4,Sub-Saharan Africa excluding South Africa,Aggregates,,Aggregates,Aggregates,,,
TEA,East Asia & Pacific (IDA & IBRD countries),,,,,,,TEA,T4,East Asia & Pacific (IDA & IBRD countries),Aggregates,,Aggregates,Aggregates,,,
TEC,Europe & Central Asia (IDA & IBRD countries),,,,,,,TEC,T7,Europe & Central Asia (IDA & IBRD countries),Aggregates,,Aggregates,Aggregates,,,
TLA,Latin America & the Caribbean (IDA & IBRD countries),,,,,,,TLA,T2,Latin America & the Caribbean (IDA & IBRD countries),Aggregates,,Aggregates,Aggregates,,,
TMN,Middle East & North Africa (IDA & IBRD countries),,,,,,,TMN,T3,Middle East & North Africa (IDA & IBRD countries),Aggregates,,Aggregates,Aggregates,,,
TSA,South Asia (IDA & IBRD),,,,,,,TSA,T5,South Asia (IDA & IBRD),Aggregates,,Aggregates,Aggregates,,,
TSS,Sub-Saharan Africa (IDA & IBRD countries),,,,,,,TSS,T6,Sub-Saharan Africa (IDA & IBRD countries),Aggregates,,Aggregates,Aggregates,,,
UMC,Upper middle income,Upper-middle-income countries,,,,,,UMC,XT,Upper middle income,Aggregates,,Aggregates,Aggregates,,,
XZN,Sub-Saharan Africa excluding South Africa and Nigeria,,,,,,,XZN,A5,Sub-Saharan Africa excluding South Africa and Nigeria,Aggregates,,Aggregates,Aggregates,,,
,Asia,Asia,,,,,,,,,,,,,,,
,Asia (excl. China & India),Asia (excl. China & India),,,,,,,,,,,,,,,
,Asia Pacific,Asia Pacific,,,,,,,,,,,,,,,
,CIS,CIS,,,,,,,,,,,,,,,
,Eastern Africa,Eastern Africa,,,,,,,,,,,,,,,
,Europe (excl. EU-27),Europe (excl. EU-27),,,,,,,,,,,,,,,
,Europe (excl. EU-28),Europe (excl. EU-28),,,,,,,,,,,,,,,
,European Union (28),European Union (28),,,,,,,,,,,,,,,
,French Equatorial Africa,French Equatorial Africa,,,,,,,,,,,,,,,
,French West Africa,French West Africa,,,,,,,,,,,,,,,
,Hawaiian Trade Zone,Hawaiian Trade Zone,,,,,,,,,,,,,,,
,International,International,,,,,,,,,,,,,,,
,International transport,International transport,,,,,,,,,,,,,,,
,Kuwaiti Oil Fires,Kuwaiti Oil Fires,,,,,,,,,,,,,,,
,Leeward Islands,Leeward Islands,,,,,,,,,,,,,,,
,Middle Africa,Middle Africa,,,,,,,,,,,,,,,
,Middle East,Middle East,,,,,,,,,,,,,,,
,Non-OECD,Non-OECD,,,,,,,,,,,,,,,
,North America (excl. USA),North America (excl. USA),,,,,,,,,,,,,,,
,Oceania,Oceania,,,,,,,,,,,,,,,
,Panama Canal Zone,Panama Canal Zone,,,,,,,,,,,,,,,
,Ryukyu Islands,Ryukyu Islands,,,,,,,,,,,,,,,
,South America,South America,,,,,,,,,,,,,,,
,St. Kitts-Nevis-Anguilla,St. Kitts-Nevis-Anguilla,,,,,,,,,,,,,,,
,U.S. Pacific Islands,U.S. Pacific Islands,,,,,,,,,,,,,,,
,U.S. Territories,U.S. Territories,,,,,,,,,,,,,,,
,Wake Island,Wake Island,,,,,,,,,,,,,,,
,Western Africa,Western Africa,,,,,,,,,,,,,,,
